20090507,42400,45030,42340,44770,1699,3662
20090508,44890,46330,44500,46270,2772,4363
20090511,46370,46500,45260,45570,1867,4602
20090512,45370,45490,44230,44880,1686,4899
20090513,45320,45760,45230,45670,2274,5595
20090514,45670,45790,43950,44340,1803,5792
20090515,44190,45170,43560,44900,1387,6026
20090518,44500,44790,42170,43380,2380,5867
20090519,43600,45200,43310,45100,2397,6084
20090520,45290,45450,44190,44770,2177,6154
20090521,44970,45280,44620,44940,1561,6244
20090522,44870,44900,44110,44580,1722,6281
20090525,44540,44800,44230,44560,1816,6467
20090526,45350,45750,45160,45240,1325,899
20090527,45010,46600,44740,46550,2340,2014
20090528,46650,47560,46520,47340,2218,2800
20090529,47640,48900,47320,48890,2164,3278
20090601,48850,49650,48540,49500,2104,4000
20090602,49500,51720,49430,51720,3464,4697
20090603,51400,53000,51220,52840,4121,5280
20090604,52900,52950,51020,51470,2643,5517
20090605,51900,53210,51850,52940,2339,5794
20090608,52850,53100,51760,52370,1964,6151
20090609,52200,53330,51750,53150,2627,6429
20090610,53010,53970,52860,53790,2702,7047
20090611,54070,54910,53840,54720,1961,7455
20090612,54290,55140,54290,54500,2095,7841
20090615,54330,54680,53790,53790,1471,8050
20090616,53420,54490,52400,52770,2395,8298
20090617,53050,54170,52400,53310,2292,8676
20090618,53340,53380,52500,52920,2654,8715
20090619,52990,53700,52510,53550,2164,8791
20090622,53770,53770,50720,51130,3874,8525
20090623,51020,51200,48700,48730,2905,8667
20090624,48840,49900,48840,49810,2047,8783
20090625,49570,51150,49340,50820,2210,8722
20090626,52910,53170,52200,53050,944,574
20090629,53240,53580,50620,50860,2470,1733
20090630,51200,53880,51110,53810,2512,2481
20090701,53430,53740,52710,52880,2329,2835
20090702,53320,53780,51570,52200,1803,2923
20090703,52050,52050,49180,50110,3028,3600
20090706,50000,50040,47720,48060,3647,4679
20090707,47620,47930,47220,47390,1857,4997
20090708,47020,48150,45440,45440,2788,5563
20090709,45700,45900,43700,44950,2353,5867
20090710,45130,45790,44400,44470,2321,6247
20090713,44000,44360,42740,43190,2321,6455
20090714,43290,44070,42670,44040,1779,6647
20090715,44020,44670,43980,44580,1538,7060
20090716,44600,46500,44170,45840,1800,7137
20090717,45680,46300,44650,45530,1493,7206
20090721,45450,47800,45210,47690,1706,7021
20090722,47690,48940,47360,48140,2007,7118
20090723,47800,49170,47300,48930,2508,7117
20090724,48860,50360,48430,50270,2317,7158
20090727,50790,52290,50730,52200,1243,634
20090728,52270,52400,51570,52060,1708,1314
20090729,52150,52630,50500,50570,2191,2067
20090730,50400,50820,48150,48990,2254,2486
20090731,48880,51990,48850,51650,2153,2979
20090803,51700,53040,49970,52500,2128,3326
20090804,52860,53500,52220,52540,2302,3777
20090805,52150,53670,51710,53100,1898,4037
20090806,53170,54140,52720,54000,1827,4287
20090807,54590,54600,53160,53640,1392,4359
20090810,53450,54760,53070,54150,1798,4517
20090811,54470,54700,53650,54370,1497,4715
20090812,54400,54480,52240,52340,2024,4806
20090813,51940,53690,51940,53650,1572,4940
20090814,53730,54500,52880,53540,1744,4932
20090817,53440,53680,50360,50520,2325,4628
20090818,50430,51000,49440,50750,2381,4666
20090819,50950,52580,50320,50760,2327,4892
20090820,50300,52670,50160,52480,2365,5013
20090821,52350,52470,50400,51050,2522,4863
20090824,51540,52920,51220,52570,2268,5114
20090825,52610,52790,51450,51510,1992,5106
20090826,49430,50420,49430,50060,1021,538
20090827,50270,50330,49070,49340,1181,1099
20090828,49400,50200,49000,49770,1370,1664
20090831,50000,50200,48720,49050,1492,1902
20090901,49020,49020,47580,48730,1576,2126
20090902,48900,48990,47130,47600,1802,2473
20090903,47310,47560,46450,46960,1686,2856
20090904,47300,47560,46380,46660,1353,3180
20090907,46680,47260,46170,47220,1538,3251
20090908,47120,47350,46700,46900,1140,3387
20090909,47070,48570,47050,48400,1739,3649
20090910,48230,49060,47930,48930,1669,3573
20090911,48990,49000,48210,48380,1083,3615
20090914,48140,48360,46080,46430,1515,3606
20090915,46540,46920,46430,46710,1257,4000
20090916,46610,47520,46430,47250,1198,4219
20090917,47010,48980,46880,48660,1961,4193
20090918,48410,48920,48370,48480,1176,4439
20090924,48490,48520,46440,46700,1588,4377
20090925,46750,46900,45170,45390,1383,4640
20090928,43500,43700,42950,43420,1090,809
20090929,43260,44420,43100,44240,1362,1519
20090930,43970,44460,43750,44390,1208,2096
20091001,44340,46450,44190,45690,1163,2424
20091002,45870,45880,45220,45780,1295,2906
20091005,45370,45900,44850,45840,1383,3187
20091006,45520,45800,45050,45580,935,3332
20091007,45610,46300,45470,46100,1612,3734
20091008,45780,46100,44980,45290,1284,3949
20091009,45500,46520,44970,46440,1437,4101
20091013,46550,48550,46360,48550,2186,4121
20091014,48750,49770,48660,49600,2450,4491
20091015,49520,50940,49210,50610,3354,5539
20091016,50410,52980,50000,52340,4335,7068
20091019,52480,54640,51840,52020,2536,7859
20091020,52030,52840,51800,52130,3426,8986
20091021,51920,52430,51850,52090,2520,9745
20091022,52260,53890,51690,53500,2217,9807
20091023,53410,54090,52890,53950,1898,10227
20091026,53470,53470,53030,53030,516,320
20091027,53170,53950,52400,53090,1295,1004
20091028,52990,53310,52560,52890,1736,2041
20091029,52840,52840,50810,51070,1586,2435
20091030,51110,53190,51080,52230,2154,3148
20091102,52250,52250,49920,50690,1855,3685
20091104,50690,51970,50600,51600,3067,4654
20091105,51760,53110,51280,51450,2879,4240
20091106,51430,52260,51400,51940,2157,4340
20091109,51830,52150,50050,51060,2439,4623
20091110,51360,51650,50850,51390,2388,5055
20091111,51180,51670,50940,51370,1303,5166
20091112,51740,52050,51530,51610,1927,5514
20091113,51390,51550,49770,50450,4586,4757
20091116,50480,50790,49920,49960,2303,4425
20091117,50050,50780,49850,50510,2107,4571
20091118,50590,52020,50310,51700,3736,5767
20091119,51780,52180,51370,51400,2059,6038
20091120,51100,51170,50120,50360,2554,5763
20091124,50240,50340,49460,49720,1983,5578
20091125,49580,49980,48370,49170,3521,5451
20091126,49000,49440,48440,48710,1048,494
20091127,48650,48840,47340,47340,1445,982
20091130,47010,48950,46690,48540,1981,1535
20091201,48760,50260,48590,50090,2074,1929
20091202,50010,51070,49970,50780,2574,2617
20091203,50730,51470,50510,50950,2068,2950
20091204,51070,51380,50370,50570,1673,3219
20091207,50730,51660,50380,51010,1596,3615
20091208,51010,51010,50000,50250,1259,3676
20091209,49990,50390,49010,49260,2301,3540
20091210,49220,49510,47130,47130,2512,3032
20091211,47550,47910,47120,47790,1671,2825
20091214,47630,47860,46950,47700,1608,3169
20091215,47650,47900,47150,47770,1227,3160
20091216,47690,48390,47370,48100,1767,3718
20091217,48180,49600,48160,49020,2550,3891
20091218,48780,48850,47870,48510,2228,4074
20091221,48440,49440,48440,49100,1830,4370
20091222,49140,49190,48780,48820,1131,4449
20091224,48850,51470,48690,51170,2892,5214
20091225,51160,52470,50770,52090,2313,5287
20091228,52360,52830,52300,52830,951,761
20091229,52700,54100,52410,53790,2246,1994
20091230,53840,54730,53660,54710,2691,3319
20100104,55250,55670,54840,54960,2320,3656
20100105,55100,56070,54910,55420,3427,5227
20100106,55730,55870,54830,55720,3725,6309
20100107,55690,56700,55640,56000,2153,6772
20100108,56470,56560,55950,56050,1553,7326
20100112,56240,56300,54830,55410,1864,7561
20100113,55380,55490,53360,53650,2465,7581
20100114,53590,53990,53260,53930,1690,7555
20100115,54070,54350,52760,53040,2512,7363
20100118,52860,53000,51490,51750,2864,6942
20100119,51810,52290,51580,51700,2402,6503
20100120,51770,52430,51220,51680,2367,6289
20100121,51550,51790,50950,51660,2287,5935
20100122,51620,51760,49510,49930,2896,5534
20100125,50090,50280,48520,48760,2435,5156
20100126,49410,49580,48530,48530,911,533
20100127,48560,48780,48200,48500,1672,1349
20100128,48500,48980,48200,48660,1449,1750
20100129,48930,49290,48190,48330,1594,1963
20100201,48390,49490,47740,47840,1606,2478
20100202,48020,49650,47910,49350,1478,2757
20100203,49230,50670,49090,50670,1615,3154
20100204,50800,50940,50430,50500,1653,3605
20100205,50460,50560,47620,47900,2544,3930
20100208,47880,48070,46620,46740,2135,3985
20100209,46700,47230,46530,47000,2019,4200
20100210,47300,48490,47180,47840,2318,4745
20100212,47940,48850,47750,48550,1643,4702
20100215,48680,48790,47790,48000,1577,4869
20100216,48000,48200,47880,48110,888,5035
20100217,48290,50290,48290,50250,2848,4971
20100218,50250,50620,50100,50120,1663,5111
20100219,50050,51550,49790,51320,3030,5329
20100222,51420,52860,51170,52570,2563,5544
20100223,52570,52570,52090,52240,2313,5910
20100224,52350,52490,51020,51300,1676,5921
20100225,51130,52000,50580,50990,2083,5894
20100226,50640,51190,50530,50920,728,452
20100301,50640,51830,50430,51680,1532,1333
20100302,51640,51970,51010,51170,1508,1995
20100303,51120,51630,50790,51320,1243,2241
20100304,51420,51990,51230,51560,892,2375
20100305,51600,52370,51350,52270,1549,2963
20100308,52230,53840,52220,53750,1886,3613
20100309,53840,53890,53150,53150,1545,4298
20100310,53150,53260,52450,53160,1923,5034
20100311,52900,53810,52820,53450,1492,5332
20100312,53480,54220,53460,53850,2690,6465
20100315,53900,54500,52970,53010,1906,6522
20100316,53200,53330,51720,51800,2742,6387
20100317,51890,53500,51770,53390,1703,6695
20100318,53410,53790,53100,53190,1683,6656
20100319,53030,53500,52730,53400,1788,6788
20100323,53400,53610,53000,53100,1135,6738
20100324,52930,53380,52750,53000,1959,6892
20100325,52990,53820,52990,53710,2140,7161
20100326,54520,55250,54360,55200,1233,676
20100329,55400,55710,55090,55440,2042,1637
20100330,55620,56260,55460,56200,1928,2454
20100331,56130,57010,55970,56790,2838,3535
20100401,56840,58030,56810,57690,2540,4265
20100402,58040,59120,57930,59080,3121,5560
20100405,59140,59890,58870,59660,2451,6674
20100406,59570,60360,59480,59910,2402,7268
20100407,59760,60200,59370,59980,2972,8045
20100408,59810,60200,59090,59570,2110,8310
20100409,59230,60410,59030,60380,2914,9068
20100412,60400,60560,59920,59920,1880,9462
20100413,60190,60190,59140,59380,2437,9773
20100414,59430,59780,59150,59670,2014,9990
20100415,59750,60650,59670,60510,1892,10131
20100416,60270,60650,59860,60170,1754,10210
20100419,60180,60290,57930,58020,2904,10005
20100420,57750,58290,57170,58000,2725,10239
20100421,58170,58870,58160,58790,3224,9906
20100422,58740,59310,58620,59270,2563,10086
20100423,59320,59940,58720,59750,2524,10273
20100426,61820,62470,61500,62190,720,379
20100427,62240,62310,61580,61730,1733,1278
20100428,61730,61860,60500,61060,1997,1793
20100430,60850,62500,60780,62440,2793,2784
20100506,62510,62800,59500,59610,2494,3376
20100507,59640,60180,56230,57230,4196,4025
20100510,57270,58400,56800,58380,3424,5325
20100511,58990,59180,57960,57990,3386,5533
20100512,58180,58790,57690,58470,2175,5641
20100513,58870,59400,58770,59220,2842,5935
20100514,59280,59350,57760,57870,2441,5669
20100517,57690,57790,54670,54720,3665,5893
20100518,54750,55770,54420,54700,2438,6254
20100519,55020,55350,52350,52490,3546,5930
20100520,52480,52650,51630,51680,3038,5567
20100521,52170,52250,49210,49770,4388,5728
20100524,49580,50340,48810,49900,3723,6271
20100525,49810,50030,48310,48320,2700,6360
20100526,50420,50440,49300,49740,1119,712
20100527,49950,51020,49940,50930,1728,1307
20100528,50870,53500,50870,52750,2056,1966
20100531,53210,53890,52450,53090,2014,2682
20100601,53180,53470,52630,53080,1732,2944
20100602,52350,52970,51370,52220,1968,3157
20100603,52550,54650,52140,54590,1616,3299
20100604,54560,55100,54060,54880,1632,3475
20100607,55140,55550,51420,51950,1978,3351
20100608,52080,52930,52080,52870,1344,3485
20100609,52830,52990,51750,52660,1582,3713
20100610,52730,53570,52430,53440,1356,3784
20100611,53240,54780,53070,54330,2199,3791
20100614,54130,54940,53700,54820,1204,3867
20100615,55070,55160,54150,54160,1606,3980
20100616,54360,55870,54200,55470,2130,4252
20100617,55360,55880,55110,55820,2021,4695
20100618,55590,56490,55460,55920,2124,5200
20100621,55970,56820,55400,56760,1719,5400
20100622,56160,57000,55790,55790,1540,5534
20100623,55730,56120,55140,55410,2470,6263
20100624,55480,55620,54050,54500,2576,5642
20100625,54090,54900,53900,54060,1544,5471
20100628,55830,56050,55240,55310,773,576
20100629,55240,55310,54140,54190,1591,1264
20100630,53800,53990,52760,53350,2167,2009
20100701,53370,53790,52000,52090,2655,2609
20100702,51930,52060,49950,50890,3418,3312
20100705,50860,51090,50130,50700,1090,3367
20100706,50490,50640,49680,50460,1085,3531
20100707,50670,51360,50350,50370,1378,3572
20100708,50140,52820,49990,52380,2711,4346
20100709,52550,53400,52040,53390,1816,4411
20100712,53220,54190,53130,53570,1807,4440
20100713,53650,53760,52740,52810,1557,4685
20100714,52800,54960,52690,54300,2026,4721
20100715,54300,54540,53490,53800,1581,4823
20100716,53550,54130,52700,52870,1471,4972
20100720,53130,53250,52220,52840,2003,5097
20100721,52680,53320,52070,53000,1397,5095
20100722,53140,53320,51850,52000,1415,5169
20100723,52110,53840,51990,53520,2017,5345
20100726,53630,54390,53480,54240,701,361
20100727,54040,54330,53530,53950,1207,842
20100728,54030,54600,53410,53670,1441,1402
20100729,53780,53900,53190,53600,1115,1573
20100730,53520,54130,53120,53470,1187,1800
20100802,53350,54380,53020,53980,1142,1860
20100803,54300,55550,54060,55460,2775,2734
20100804,55190,56250,55020,55920,2436,3143
20100805,55980,56720,55670,56320,1729,3424
20100806,56400,56480,55910,56410,1437,3864
20100809,56470,56600,55350,55730,1482,4195
20100810,55720,56060,55440,55610,969,4215
20100811,55270,55350,54210,54220,1710,4053
20100812,54020,54230,52170,52740,3607,3746
20100813,53110,53140,52020,52870,2507,3739
20100816,52600,52820,52020,52230,2099,3907
20100817,52050,52400,51370,51680,2512,4182
20100818,51660,52460,51660,52390,1577,4344
20100819,52240,52800,51730,52700,1629,4528
20100820,52800,52860,51300,51480,2580,5305
20100823,51400,51440,50400,50900,3250,5384
20100824,50510,51090,49840,50060,2182,5706
20100825,49670,49770,49110,49680,2716,6083
20100826,49820,50160,49800,50040,816,568
20100827,50190,50630,49990,50610,1337,1129
20100830,50360,52470,50320,51500,2326,2293
20100831,51460,51510,50290,50430,2886,2700
20100901,50450,50910,49620,50320,1442,2735
20100902,50010,51190,49920,50750,2235,3161
20100903,50570,51140,50400,51040,1802,3703
20100906,51140,51840,50960,51090,1358,3824
20100907,50950,51250,50870,51020,976,3926
20100908,50840,51520,50540,51310,1534,3843
20100909,51330,52180,51070,52030,1894,3798
20100910,52080,52300,51760,51820,2038,3458
20100913,52050,52810,51700,52530,2467,3232
20100914,52570,52710,52210,52380,1233,3399
20100915,52210,52940,51760,52760,3938,3559
20100916,53030,53190,52640,52880,1489,3609
20100917,53010,53400,52780,53230,1290,3759
20100921,53510,53610,52890,53410,1594,3937
20100922,53380,53860,52690,52880,1958,4174
20100924,52770,53140,52160,52760,1945,4407
20100927,51980,52250,51930,52080,617,439
20100928,52160,52160,51400,51480,2013,1354
20100929,51300,52000,51190,51750,1518,1780
20100930,51800,52810,51570,52540,1734,2337
20101001,52670,54540,52310,54400,4581,3877
20101004,54360,55110,54110,54420,3290,4966
20101005,54200,54650,53850,54140,2111,5534
20101006,54190,54780,53880,54760,1608,5919
20101007,54800,54810,54260,54710,1435,6347
20101008,54510,54760,53300,53750,2203,6504
20101012,53560,54190,53010,53370,1925,6871
20101013,53390,53970,53320,53900,1643,7178
20101014,54050,54580,54010,54310,2669,7505
20101015,54360,54360,53610,53760,1389,7770
20101018,53690,53880,52480,52510,2845,8071
20101019,52500,53740,52370,53510,2478,7438
20101020,53580,53580,51870,52230,3075,7431
20101021,52320,53010,52080,52610,2603,7446
20101022,52610,52890,52140,52550,1723,7425
20101025,52250,53000,52250,52720,1379,7435
20101026,52450,52590,52110,52200,794,472
20101027,52160,52690,52160,52600,1097,932
20101028,52650,52740,52090,52500,1319,1452
20101029,52440,52710,51610,51940,1927,1944
20101101,51830,52110,51400,51600,2422,2810
20101102,51500,53080,51500,52670,3184,2667
20101104,52740,54440,52530,54330,3914,3889
20101105,54620,55820,54510,55640,3707,5045
20101108,55540,56040,55090,55700,2229,5459
20101109,55710,55920,55240,55730,2076,6136
20101110,55650,56310,55480,56160,2650,6823
20101111,56310,57580,56230,57510,2861,7506
20101112,57600,57610,56040,56120,2527,7620
20101115,55700,56220,55250,55940,2827,8069
20101116,56030,56530,55790,55800,1637,8268
20101117,55730,55980,54650,55020,3109,8661
20101118,54650,55100,54310,54950,2537,8710
20101119,55040,55950,54910,55060,2676,8777
20101122,55260,55580,54650,55360,1660,9034
20101124,55370,55440,54180,54530,3259,8972
20101125,54450,55960,54340,55710,2701,9202
20101126,55940,55960,55590,55680,791,575
20101129,55660,56270,55260,56130,2168,1457
20101130,56370,57200,56220,56620,2412,2253
20101201,56760,56910,55750,55970,2491,2679
20101202,56080,57510,56080,57470,3878,3853
20101203,57670,58150,57370,57960,2685,4687
20101206,57860,58420,57150,58370,3325,5967
20101207,58430,58470,57340,57460,3373,6665
20101208,57600,58230,57350,57930,3392,6720
20101209,57770,58490,57620,58440,1752,6812
20101210,58500,58570,58040,58490,1729,6973
20101213,58530,58610,58000,58520,2415,7240
20101214,58560,59100,58090,58180,2260,7479
20101215,58220,58380,57990,58200,1515,7625
20101216,58310,59030,57970,59030,1967,7749
20101217,58850,59030,58590,59030,1719,7990
20101220,59000,59370,58590,59030,2445,8304
20101221,59190,59550,58730,59520,1976,8592
20101222,59650,60000,59340,59830,2282,8812
20101224,59810,60190,59680,60000,1794,8981
20101227,59620,60010,59470,59920,476,224
20101228,59980,60110,59620,59720,1055,753
20101229,59560,59990,59490,59930,1246,1036
20101230,59920,59920,59230,59230,1002,1238
20110104,59710,60280,59710,60200,1144,1439
20110105,60330,60490,58610,59040,2822,2795
20110106,58840,60750,58740,60400,2251,3188
20110107,60390,60720,59700,59890,2151,3957
20110111,59790,60420,59190,60230,2052,4387
20110112,60170,61460,60110,61100,1924,4710
20110113,61250,61700,60900,61250,1618,4864
20110114,61260,61390,60730,60860,2473,5451
20110117,60730,61430,60630,61200,2133,6054
20110118,61030,61250,60600,60600,2353,6759
20110119,60640,60980,60200,60590,2865,7972
20110120,60500,60730,60240,60360,1604,8041
20110121,60210,60640,59700,60440,2514,8612
20110124,60400,61170,60390,61160,1455,8800
20110125,61030,61170,60250,60320,2021,8660
20110126,59900,60120,59850,59970,680,551
20110127,59960,61180,59960,60810,1540,897
20110128,61100,61550,60690,61230,2798,2599
20110131,61380,62490,60900,61250,2553,3052
20110201,61370,62030,60890,61160,3372,4528
20110202,61140,61820,60950,61550,2499,5510
20110203,61680,62790,61530,62660,3172,6661
20110204,62800,62990,62100,62190,2350,7225
20110207,62160,62580,61510,62090,2812,8120
20110208,62090,62520,61850,62210,1655,8335
20110209,62320,62860,61440,62700,2290,8652
20110210,62780,63610,62640,63450,2780,9005
20110214,63400,63880,63150,63430,1973,9203
20110215,63250,64460,63150,64460,1930,9549
20110216,64560,64680,63940,64140,1693,9849
20110217,64180,65700,64180,64980,2113,10165
20110218,65040,65220,64220,64220,1960,10075
20110221,64350,65040,63640,65000,2456,10295
20110222,65210,67370,65200,66770,2760,10491
20110223,66750,66810,65550,65680,3003,10483
20110224,65970,67750,65810,67330,3734,10476
20110225,68300,69280,67010,67970,5036,10465
20110228,69000,69100,68200,68200,1133,695
20110301,68420,68570,67790,68570,1910,1551
20110302,68430,70070,68280,69770,3746,3191
20110303,69640,70820,68780,69000,2642,3682
20110304,69250,70510,69080,70390,3043,4227
20110307,70510,71420,70510,71280,4025,5496
20110308,71320,71750,69960,70110,3389,5827
20110309,69870,71260,69870,70080,2911,6188
20110310,70240,71780,70240,71740,2583,6251
20110311,71660,72100,70910,71330,4496,6226
20110314,71350,71860,70150,71200,5314,6328
20110315,71100,71970,67850,69750,5476,6179
20110316,69320,70130,66840,67600,4788,6074
20110317,67990,68980,66230,67740,3555,5780
20110318,68250,71390,66990,70800,3498,5915
20110322,70990,71330,69240,69990,2985,6028
20110323,69660,70810,69660,70060,1493,6024
20110324,70060,70700,69970,70080,1504,6221
20110325,70300,70520,69940,70340,1797,6214
20110328,71490,71550,71000,71000,1003,572
20110329,71120,71120,70060,70310,1586,1444
20110330,70330,71500,70190,71410,1380,2040
20110331,71620,72450,71560,72450,1231,2357
20110401,72340,74540,72340,73810,1572,2540
20110404,74240,75620,74150,75220,1809,2738
20110405,75320,75900,74990,75750,1532,2965
20110406,75760,76780,75290,76640,1477,3167
20110407,76630,77860,76490,76780,1604,3413
20110408,76880,77820,76350,77700,1468,3641
20110411,77900,79530,77820,78520,2539,4061
20110412,78500,78600,75520,76090,2242,4203
20110413,76780,77550,73950,75540,2397,4436
20110414,75190,75740,74530,75490,1663,4317
20110415,75330,75970,74320,75260,1147,4232
20110418,75020,75900,74650,75450,1358,4483
20110419,75450,75470,73820,74310,1603,4468
20110420,74000,75250,73470,75190,2140,4563
20110421,75100,76100,74600,75510,1471,4652
20110422,75670,75670,74670,75530,936,4603
20110425,75580,75840,74870,75210,925,4645
20110426,74310,74750,73890,73960,645,443
20110427,74290,74450,73920,74270,1360,1120
20110428,74230,75470,74110,75000,1652,1518
20110502,75090,75370,74440,74920,849,1661
20110506,74810,75280,66750,67280,2129,1981
20110509,65630,68160,64690,66920,2661,2216
20110510,67050,68610,67050,67870,1820,2267
20110511,68090,69960,67720,69910,1477,2348
20110512,69500,70090,67420,67620,1566,2555
20110513,67750,68380,66350,67970,1596,2914
20110516,68260,68370,66840,67550,1354,3132
20110517,67530,67810,66260,67610,1189,3334
20110518,67670,68150,66470,67080,1235,3468
20110519,67260,68430,67020,67970,1312,3540
20110520,68000,68380,67430,67760,650,3594
20110523,67890,68300,66750,67450,1113,3592
20110524,66950,67300,66500,67070,948,3638
20110525,67530,68370,67330,67410,1229,3858
20110526,69830,70070,69300,69700,623,419
20110527,69680,69680,68900,69310,752,737
20110530,69460,69770,68820,68880,831,1030
20110531,68870,69830,68860,69780,911,1488
20110601,70110,70620,70020,70240,1390,2013
20110602,70290,70290,68930,68980,1649,2261
20110603,69150,69870,68890,69670,1215,2597
20110606,69440,69620,68440,69400,1114,2788
20110607,69260,69280,68620,68810,1059,3191
20110608,68790,69770,68590,69580,1398,3537
20110609,69460,70670,69090,70650,1422,3813
20110610,70620,71500,69840,71290,2162,4588
20110613,71110,71170,70500,70760,913,4743
20110614,70910,71330,70100,71010,1205,5000
20110615,70880,71920,70760,71600,1169,5172
20110616,71650,71800,69590,69660,1734,5001
20110617,69710,70150,69110,69170,1373,5072
20110620,68530,69070,67640,67700,1914,5167
20110621,67700,68250,67260,67680,1270,5097
20110622,67930,68060,66720,66780,1325,5204
20110623,66920,68150,66200,67440,1690,5337
20110624,67450,67450,65210,65990,1631,5529
20110627,65090,65300,64260,64380,598,448
20110628,64280,65390,64040,64800,1241,918
20110629,65210,66550,65080,66320,1241,1376
20110630,66700,68010,66610,67770,1401,1779
20110701,67640,68310,67000,68010,1128,2161
20110704,67940,68810,67480,68440,1107,2464
20110705,68540,68610,68040,68260,844,2697
20110706,68290,69700,68090,69670,1314,2963
20110707,69360,69850,68900,69790,1487,3344
20110708,69800,71980,69780,71780,2415,3801
20110711,71850,72530,70400,71060,1551,3924
20110712,70640,70780,69670,69780,1535,4082
20110713,69150,70030,68750,69650,1438,4308
20110714,69860,70220,69360,69730,985,4380
20110715,69840,70190,69010,69280,821,4623
20110719,69010,69690,68770,69620,1544,5099
20110720,69810,70580,69610,70410,617,5185
20110721,70380,70750,69960,70530,1048,5453
20110722,70200,70680,69920,70150,1404,5722
20110725,70190,70300,69690,69800,618,5809
20110726,69790,69840,69480,69620,457,334
20110727,69700,69820,68880,69350,841,561
20110728,69200,69480,68720,68740,1147,1014
20110729,68820,69100,68350,68490,1302,1481
20110801,68370,69500,67380,69130,1683,1892
20110802,69390,69830,67450,67920,1731,2126
20110803,67760,68270,67000,67040,1806,2318
20110804,67150,67590,65650,67390,2657,2814
20110805,67710,67960,63890,63890,3690,2722
20110808,64450,66400,63580,63580,2338,3057
20110809,64030,64190,60180,61800,3173,3520
20110810,61970,63150,61130,62400,1590,3716
20110811,62890,63300,61820,62810,1242,3839
20110812,63640,63730,62330,63320,918,4079
20110815,63350,63780,63170,63490,689,4118
20110816,63610,64440,63280,64190,1051,4179
20110817,63930,64350,63770,64120,807,4347
20110818,64160,64800,64160,64370,1053,4510
20110819,64150,64190,62030,62310,1847,4942
20110822,61950,63420,61870,62230,1048,5010
20110823,62630,63930,62510,63920,958,5059
20110824,63910,64290,63010,63700,672,5062
20110825,63830,64890,63580,64760,1547,5008
20110826,64150,64500,63910,64470,661,480
20110829,64190,64470,63460,64220,581,778
20110830,64220,65130,64050,64650,591,959
20110831,64640,65430,64200,65040,793,1184
20110901,65310,65990,64860,65430,989,1395
20110902,65270,65820,65020,65100,911,1774
20110905,64970,65070,63890,63920,1222,1489
20110906,64000,64150,63230,63270,667,1590
20110907,63450,65490,63440,65160,1071,1593
20110908,65190,66710,64930,66350,1093,1684
20110909,66230,66540,65700,66080,881,1848
20110912,66090,66110,63710,63710,1825,2282
20110913,63560,64590,63430,63940,1550,2692
20110914,63550,63790,62900,62910,1067,2823
20110915,63270,63270,62500,62870,698,2860
20110916,63080,64410,62760,64230,1116,2864
20110920,64370,64550,62420,62710,993,2928
20110921,62880,63460,62660,62970,565,2995
20110922,63120,63700,61970,62130,802,3102
20110926,59490,59490,57500,57570,401,196
20110927,57650,59460,57650,59260,932,535
20110928,59160,60430,59050,59860,806,771
20110929,59910,60010,58070,59120,887,993
20110930,59530,59930,58890,59300,898,1042
20111003,59080,59220,57700,58470,1911,1265
20111004,58500,59000,57660,58140,895,1276
20111005,57650,58560,57250,58350,1018,1323
20111006,58400,58930,57760,58720,769,1446
20111007,58890,59920,58160,59760,1311,1508
20111011,59760,60560,59120,60030,1490,1521
20111012,60040,60820,59590,60650,1160,1685
20111013,60680,61610,60410,60760,950,1796
20111014,61050,61290,60260,61040,1263,1909
20111017,61120,62750,61110,62640,1275,2047
20111018,63150,63240,61420,61800,1423,2117
20111019,61610,62870,61290,62720,1234,2286
20111020,62810,62950,61010,61360,1397,2173
20111021,61450,62290,61000,62140,981,2206
20111024,62180,62700,61560,62610,1036,2308
20111025,62400,62900,61930,62830,1217,2298
20111026,61740,62020,61690,61990,473,352
20111027,61930,62460,61110,62460,1638,1120
20111028,62530,63510,62180,63340,1257,1591
20111031,63230,64640,62450,64590,2079,2309
20111101,64450,64600,63570,63570,952,2448
20111102,63500,63820,62470,63260,1585,2959
20111104,63550,64260,63170,64260,840,2987
20111107,64240,65250,64100,65180,1044,3024
20111108,64850,65930,64580,65900,1085,3037
20111109,65920,66310,65530,66100,1159,3080
20111110,66200,66240,64970,65020,1743,3384
20111111,64650,65730,64570,65400,1169,3426
20111114,65370,65890,65200,65700,912,3497
20111115,65690,65690,64950,65160,1590,3536
20111116,65210,65740,64850,64960,1187,3646
20111117,64940,65300,64390,64800,1195,3650
20111118,64820,64910,63060,63590,1487,3674
20111121,63470,64010,62470,62580,1500,3933
20111122,62570,62580,61780,62230,1421,3862
20111124,62240,62830,61900,62060,1029,3799
20111125,62230,62810,62050,62610,910,3727
20111128,62400,62870,62320,62740,461,264
20111129,62760,63450,62700,63140,1258,823
20111130,62850,64180,62730,63860,1868,1264
20111201,63840,64750,63660,64600,2095,1766
20111202,64600,64710,63550,63990,2060,2507
20111205,64070,64760,63860,64140,1865,2912
20111206,64400,64810,63230,63310,2640,3166
20111207,63300,64590,63250,64090,1880,3223
20111208,64190,64320,63550,63810,1936,3203
20111209,63800,64110,62770,62810,2430,2925
20111212,62660,63210,62390,62390,1690,2717
20111213,62200,62650,61790,61900,1924,2839
20111214,61950,63000,61860,62780,1570,3008
20111215,62800,62810,60570,61100,2347,2908
20111216,61060,61170,60080,60150,1160,2857
20111219,60230,60230,58700,58830,1882,3008
20111220,58860,59620,58810,59360,1066,2986
20111221,59250,61000,59250,60660,1399,3102
20111222,61020,62140,60300,61300,1799,3217
20111226,61750,61940,61600,61890,372,270
20111227,62080,62560,61270,61430,600,456
20111228,61500,62040,61230,61860,1028,750
20111229,61850,61940,60820,60830,655,894
20111230,60870,61290,60660,60770,922,995
20120104,62430,62490,62010,62170,1083,1420
20120105,62200,63640,62120,63600,1750,2097
20120106,63840,64030,63220,63300,1158,2392
20120110,63330,63780,63180,63580,1306,2579
20120111,63590,63820,63420,63490,862,2734
20120112,63620,63810,63100,63460,890,2901
20120113,63600,64000,62600,63020,1004,3052
20120116,63040,63050,62390,62680,913,3371
20120117,62760,63320,62710,63260,909,3597
20120118,63390,63680,62770,62800,1635,3903
20120119,62850,63160,62360,62420,1224,4117
20120120,62310,63060,62230,62990,1150,4268
20120123,62980,63000,61640,62330,1783,4384
20120124,62250,63050,62120,62750,1353,4376
20120125,62840,63420,62770,63340,1758,4730
20120126,63840,64100,63470,63530,1002,577
20120127,63460,63970,62810,62810,1391,1179
20120130,62790,63280,62530,62600,1103,1495
20120131,62500,62770,62050,62200,1622,1779
20120201,62140,62840,62010,62200,1520,2072
20120202,62170,62610,62020,62270,1605,2225
20120203,62480,62680,61870,62680,1104,2349
20120206,62710,63800,62490,63780,2793,3281
20120207,63810,64900,63530,64470,2467,3875
20120208,64490,65380,64330,65230,2119,4231
20120209,65350,65730,65120,65590,2106,4474
20120210,65560,66310,65530,66090,1358,4454
20120213,65960,66440,65370,66330,1677,4980
20120214,66400,66500,65830,65980,2233,5248
20120215,66160,67160,66000,67100,2175,5466
20120216,67180,67490,66910,67220,1599,5643
20120217,67380,68300,67150,68210,1596,5682
20120220,68450,69460,67930,69010,2104,6041
20120221,68800,69150,68690,69020,1604,6116
20120222,69110,70060,68800,69840,2090,6316
20120223,69990,70830,69650,70570,2792,6174
20120224,70600,71360,70400,71260,1722,6107
20120227,73400,73450,72450,72460,1605,1014
20120228,72450,72450,71110,71580,2341,1832
20120229,71760,71920,70420,70740,2583,2390
20120301,70760,71500,70040,71080,1955,2735
20120302,71110,72630,70800,72280,2717,3519
20120305,72420,72510,71500,71640,2422,3770
20120306,71320,72100,71040,71740,1809,3916
20120307,71690,71780,70260,70830,3333,4754
20120308,70850,72400,70730,72300,1928,4848
20120309,72330,73670,72330,73300,1959,5093
20120312,73240,74290,73100,73540,2029,5328
20120313,73690,74170,73170,73740,1461,5382
20120314,74010,75010,74000,74800,1355,5468
20120315,74780,75730,74690,74770,2152,5701
20120316,74790,74910,73240,74120,1731,5709
20120319,74170,75380,74080,74940,1933,5816
20120321,74680,75160,74430,75150,1637,5828
20120322,74890,75500,73940,74200,1861,6016
20120323,74180,74180,72710,73380,2061,5995
20120326,74590,75120,74340,74340,614,348
20120327,74270,75170,74270,74840,1054,901
20120328,74900,75370,74390,74420,1586,1703
20120329,74590,74640,73830,73930,967,1871
20120330,73930,73970,72760,72960,1352,2227
20120402,73360,74030,73030,73710,979,2410
20120403,73600,74260,72680,73870,1410,2677
20120404,74030,74660,73720,74210,1293,2732
20120405,74210,74360,72810,73270,1592,2947
20120406,73250,73310,72230,72790,874,3031
20120409,72960,73050,71560,71910,2072,3416
20120410,71820,72440,71140,71570,1341,3671
20120411,71310,71510,69910,70360,1813,3702
20120412,69910,70760,69690,70750,1358,3955
20120413,70620,71540,70000,70940,1763,3950
20120416,71000,71340,70070,70150,1676,4121
20120417,70150,70620,69180,69490,1789,4116
20120418,69670,70600,69580,70550,1748,4079
20120419,70390,70560,69610,70200,1126,4211
20120420,70270,70580,69910,70400,601,4208
20120423,70500,70860,70000,70070,710,4211
20120424,69540,69840,68990,69310,1486,4242
20120425,69390,69770,69300,69600,814,4397
20120426,70800,71180,70800,70950,466,294
20120427,71090,71400,70520,70830,1325,928
20120501,70870,70910,70170,70170,701,1153
20120502,70260,70820,70020,70370,728,1351
