20001002,1,11,200010,,962.00,962.00,954.00,955.00,955.00,1382,10653
20001002,1,11,200012,,958.00,960.00,954.00,956.00,956.00,552,32936
20001002,1,11,200102,,957.00,958.00,953.00,956.00,956.00,705,39309
20001002,1,11,200104,,956.00,956.00,951.00,954.00,954.00,2081,38116
20001002,1,11,200106,,954.00,955.00,951.00,953.00,953.00,5015,67851
20001002,1,11,200108,,952.00,953.00,949.00,949.00,949.00,6829,54175
20001002,1,12,200010,,172.40,173.20,172.10,172.10,172.10,39,486
20001002,1,12,200012,,171.90,173.60,171.90,173.60,173.60,17,2033
20001002,1,12,200102,,171.80,171.90,171.80,171.90,171.90,6,1663
20001002,1,12,200104,,170.30,171.30,169.90,171.30,171.30,84,2788
20001002,1,12,200106,,170.60,171.20,170.20,171.20,171.20,96,5079
20001002,1,12,200108,,170.00,170.20,169.20,170.20,170.20,794,5919
20001002,1,13,200010,,2017.00,2017.00,1991.00,2008.00,2008.00,417,6122
20001002,1,13,200012,,1950.00,1955.00,1929.00,1948.00,1948.00,189,16079
20001002,1,13,200102,,1868.00,1883.00,1868.00,1874.00,1874.00,1036,18945
20001002,1,13,200104,,1849.00,1849.00,1831.00,1834.00,1834.00,1654,32712
20001002,1,13,200106,,1829.00,1836.00,1816.00,1825.00,1825.00,4570,65586
20001002,1,13,200108,,1820.00,1822.00,1808.00,1813.00,1813.00,9174,71037
20001002,1,14,200010,,2359.00,2359.00,2359.00,2359.00,2359.00,315,3311
20001002,1,14,200012,,2363.00,2363.00,2363.00,2363.00,2363.00,10,6155
20001002,1,14,200102,,2408.00,2408.00,2408.00,2408.00,2408.00,1,351
20001002,1,14,200104,,2333.00,2333.00,2333.00,2333.00,2333.00,5,404
20001002,1,14,200106,,2325.00,2328.00,2325.00,2328.00,2328.00,4,869
20001002,1,14,200108,,2301.00,2305.00,2300.00,2302.00,2302.00,35,463
20001002,1,21,200010,,179.00,179.40,179.00,179.30,179.30,115,779
20001002,1,21,200011,,178.60,178.80,178.60,178.80,178.80,2,1199
20001002,1,21,200012,,178.00,178.00,177.60,178.00,178.00,6,1598
20001002,1,21,200101,,178.80,179.30,178.10,178.70,178.70,69,2634
20001002,1,21,200102,,179.10,179.10,178.40,178.50,178.50,261,6953
20001002,1,21,200103,,178.10,178.10,177.30,177.70,177.70,452,1438
20001002,1,31,200011,,30750.00,31150.00,30640.00,31150.00,31150.00,914,5107
20001002,1,31,200012,,30810.00,31230.00,30800.00,31230.00,31230.00,631,9412
20001002,1,31,200101,,30450.00,30880.00,30320.00,30880.00,30880.00,1857,14345
20001002,1,31,200102,,30350.00,30550.00,30180.00,30450.00,30450.00,4418,24310
20001002,1,31,200103,,30190.00,30340.00,30020.00,30180.00,30180.00,12950,41417
20001002,1,31,200104,,30050.00,30250.00,29920.00,30160.00,30160.00,25945,28183
20001002,1,32,200011,,33200.00,33810.00,33200.00,33780.00,33780.00,484,2031
20001002,1,32,200012,,34570.00,34780.00,34450.00,34770.00,34770.00,625,3825
20001002,1,32,200101,,34550.00,35030.00,34550.00,35030.00,35030.00,2254,7663
20001002,1,32,200102,,34270.00,34720.00,34220.00,34720.00,34720.00,8204,14886
20001002,1,32,200103,,32330.00,32760.00,32270.00,32760.00,32760.00,9875,23919
20001002,1,32,200104,,30160.00,30520.00,30150.00,30460.00,30460.00,12413,19973
20001002,1,81,200010,,82.30,84.00,82.30,83.00,83.00,766,5340
20001002,1,81,200011,,85.40,86.30,85.30,85.40,85.40,682,11950
20001002,1,81,200012,,86.70,87.40,86.40,86.80,86.80,3112,24824
20001002,1,81,200101,,87.20,88.30,86.80,87.60,87.60,6365,57348
20001002,1,81,200102,,87.80,88.00,87.00,87.00,87.00,15459,58485
20001002,1,81,200103,,88.90,89.40,87.70,87.70,87.70,19214,28288
20001003,1,11,200010,,959.00,960.00,956.00,956.00,956.00,454,10368
20001003,1,11,200012,,959.00,959.00,956.00,956.00,956.00,678,32847
20001003,1,11,200102,,957.00,958.00,955.00,955.00,955.00,731,39078
20001003,1,11,200104,,956.00,956.00,953.00,953.00,953.00,1567,38091
20001003,1,11,200106,,955.00,956.00,951.00,952.00,952.00,4863,67152
20001003,1,11,200108,,953.00,954.00,949.00,951.00,951.00,9215,54319
20001003,1,12,200010,,173.00,174.00,173.00,174.00,174.00,56,440
20001003,1,12,200012,,173.80,174.20,173.40,174.00,174.00,71,1985
20001003,1,12,200102,,172.60,173.30,172.50,172.50,172.50,128,1777
20001003,1,12,200104,,171.10,171.70,170.90,171.50,171.50,173,2805
20001003,1,12,200106,,171.40,171.40,170.80,171.20,171.20,234,4958
20001003,1,12,200108,,170.70,170.90,170.30,170.90,170.90,1157,6253
20001003,1,13,200010,,2009.00,2009.00,1975.00,1975.00,1975.00,601,5751
20001003,1,13,200012,,1949.00,1950.00,1930.00,1937.00,1937.00,459,15780
20001003,1,13,200102,,1874.00,1874.00,1855.00,1860.00,1860.00,468,18807
20001003,1,13,200104,,1830.00,1838.00,1820.00,1820.00,1820.00,1497,32616
20001003,1,13,200106,,1814.00,1820.00,1804.00,1813.00,1813.00,7158,65230
20001003,1,13,200108,,1815.00,1816.00,1794.00,1799.00,1799.00,15124,72001
20001003,1,14,200010,,2359.00,2359.00,2359.00,2359.00,2359.00,54,3257
20001003,1,14,200012,,2363.00,2363.00,2363.00,2363.00,2363.00,33,6130
20001003,1,14,200102,,2401.00,2416.00,2401.00,2416.00,2416.00,5,353
20001003,1,14,200104,,2375.00,2393.00,2372.00,2390.00,2390.00,26,386
20001003,1,14,200106,,2351.00,2357.00,2342.00,2342.00,2342.00,13,872
20001003,1,14,200108,,2319.00,2319.00,2310.00,2317.00,2317.00,25,451
20001003,1,21,200010,,176.80,176.80,175.50,176.20,176.20,105,765
20001003,1,21,200011,,175.60,176.20,175.60,176.20,176.20,12,1187
20001003,1,21,200012,,174.10,175.70,174.10,175.40,175.40,237,1530
20001003,1,21,200101,,174.80,176.10,174.80,175.60,175.60,600,2182
20001003,1,21,200102,,176.30,176.30,174.70,175.00,175.00,2352,6769
20001003,1,21,200103,,174.90,175.20,173.80,174.70,174.70,1565,2038
20001003,1,31,200011,,31790.00,31790.00,31450.00,31510.00,31510.00,497,4748
20001003,1,31,200012,,31830.00,31830.00,31600.00,31600.00,31600.00,1277,9014
20001003,1,31,200101,,31460.00,31570.00,31300.00,31440.00,31440.00,2739,13670
20001003,1,31,200102,,31000.00,31100.00,30760.00,31040.00,31040.00,5603,23493
20001003,1,31,200103,,30680.00,30820.00,30500.00,30650.00,30650.00,15440,40492
20001003,1,31,200104,,30600.00,30760.00,30460.00,30480.00,30480.00,40483,30733
20001003,1,32,200011,,34710.00,34710.00,33910.00,34150.00,34150.00,285,1944
20001003,1,32,200012,,35440.00,35450.00,34970.00,35090.00,35090.00,972,3667
20001003,1,32,200101,,35530.00,35700.00,35350.00,35360.00,35360.00,2367,7123
20001003,1,32,200102,,35190.00,35420.00,35000.00,35080.00,35080.00,10645,16230
20001003,1,32,200103,,33390.00,33460.00,33280.00,33460.00,33460.00,16428,26630
20001003,1,32,200104,,31000.00,31160.00,30830.00,31060.00,31060.00,26753,21340
20001003,1,81,200010,,82.70,83.50,82.70,83.50,83.50,444,5075
20001003,1,81,200011,,85.00,86.10,85.00,86.10,86.10,523,11798
20001003,1,81,200012,,86.40,87.20,86.40,86.80,86.80,1455,24671
20001003,1,81,200101,,87.20,87.60,87.20,87.20,87.20,3554,56713
20001003,1,81,200102,,87.00,87.90,87.00,87.90,87.90,8200,57130
20001003,1,81,200103,,88.10,88.70,87.90,88.70,88.70,9843,32397
20001004,1,11,200010,,957.00,957.00,952.00,952.00,952.00,436,10271
20001004,1,11,200012,,952.00,954.00,951.00,952.00,952.00,287,32637
20001004,1,11,200102,,954.00,954.00,951.00,951.00,951.00,182,39046
20001004,1,11,200104,,951.00,952.00,948.00,949.00,949.00,846,38000
20001004,1,11,200106,,950.00,950.00,948.00,949.00,949.00,2234,67094
20001004,1,11,200108,,947.00,948.00,946.00,947.00,947.00,5683,54116
20001004,1,12,200010,,174.50,174.90,173.20,174.90,174.90,14,429
20001004,1,12,200012,,174.00,174.30,173.00,174.30,174.30,65,1926
20001004,1,12,200102,,171.90,173.00,171.90,172.20,172.20,30,1766
20001004,1,12,200104,,170.90,171.50,170.80,171.40,171.40,221,2794
20001004,1,12,200106,,170.90,171.30,170.70,171.30,171.30,212,4849
20001004,1,12,200108,,170.40,170.90,170.40,170.80,170.80,1363,6272
20001004,1,13,200010,,1970.00,1989.00,1966.00,1989.00,1989.00,209,5619
20001004,1,13,200012,,1935.00,1948.00,1934.00,1948.00,1948.00,298,15738
20001004,1,13,200102,,1877.00,1888.00,1864.00,1887.00,1887.00,335,18746
20001004,1,13,200104,,1831.00,1854.00,1827.00,1844.00,1844.00,2588,32428
20001004,1,13,200106,,1819.00,1832.00,1811.00,1826.00,1826.00,4484,64600
20001004,1,13,200108,,1801.00,1815.00,1801.00,1808.00,1808.00,8301,72300
20001004,1,14,200010,,2359.00,2359.00,2359.00,2359.00,2359.00,51,3206
20001004,1,14,200012,,2363.00,2363.00,2363.00,2363.00,2363.00,54,6076
20001004,1,14,200102,,2434.00,2461.00,2434.00,2461.00,2461.00,9,350
20001004,1,14,200104,,2393.00,2421.00,2393.00,2421.00,2421.00,23,373
20001004,1,14,200106,,2367.00,2410.00,2367.00,2387.00,2387.00,26,868
20001004,1,14,200108,,2342.00,2389.00,2342.00,2370.00,2370.00,106,429
20001004,1,21,200010,,175.70,175.70,174.50,174.60,174.60,67,713
20001004,1,21,200011,,175.10,176.00,175.00,175.20,175.20,239,1059
20001004,1,21,200012,,175.10,175.10,174.00,175.10,175.10,110,1456
20001004,1,21,200101,,175.30,175.30,173.50,174.40,174.40,138,2083
20001004,1,21,200102,,174.10,174.50,173.10,174.40,174.40,2196,5779
20001004,1,21,200103,,173.50,174.20,173.00,174.20,174.20,1465,2707
20001004,1,31,200011,,31350.00,31500.00,31100.00,31210.00,31210.00,361,4540
20001004,1,31,200012,,31510.00,31510.00,31120.00,31260.00,31260.00,361,8879
20001004,1,31,200101,,31210.00,31330.00,30960.00,30960.00,30960.00,792,13525
20001004,1,31,200102,,30830.00,30930.00,30520.00,30680.00,30680.00,4084,23147
20001004,1,31,200103,,30300.00,30570.00,30200.00,30330.00,30330.00,13791,40601
20001004,1,31,200104,,30250.00,30440.00,30070.00,30130.00,30130.00,29310,33135
20001004,1,32,200011,,33850.00,33980.00,33360.00,33390.00,33390.00,150,1890
20001004,1,32,200012,,34810.00,34900.00,34390.00,34390.00,34390.00,600,3619
20001004,1,32,200101,,34990.00,35290.00,34690.00,34800.00,34800.00,2006,7172
20001004,1,32,200102,,34890.00,35130.00,34380.00,34460.00,34460.00,7615,16264
20001004,1,32,200103,,33470.00,33730.00,32890.00,33000.00,33000.00,15373,26954
20001004,1,32,200104,,30960.00,31350.00,30490.00,30710.00,30710.00,22263,21635
20001004,1,81,200010,,84.70,86.40,84.70,86.10,86.10,453,4730
20001004,1,81,200011,,87.00,88.10,87.00,88.10,88.10,815,11552
20001004,1,81,200012,,88.00,89.10,88.00,89.10,89.10,2024,24137
20001004,1,81,200101,,89.00,89.80,89.00,89.70,89.70,5721,55572
20001004,1,81,200102,,89.30,90.30,89.30,90.30,90.30,16044,55832
20001004,1,81,200103,,90.60,91.70,90.60,91.70,91.70,26696,38596
20001005,1,11,200010,,955.00,957.00,955.00,956.00,956.00,260,10136
20001005,1,11,200012,,954.00,956.00,954.00,955.00,955.00,201,32510
20001005,1,11,200102,,953.00,955.00,953.00,955.00,955.00,325,39003
20001005,1,11,200104,,951.00,953.00,950.00,953.00,953.00,441,37911
20001005,1,11,200106,,950.00,952.00,950.00,951.00,951.00,2576,66527
20001005,1,11,200108,,949.00,950.00,948.00,950.00,950.00,5489,54075
20001005,1,12,200010,,174.30,174.80,174.30,174.50,174.50,29,402
20001005,1,12,200012,,173.10,173.70,173.00,173.70,173.70,4,1924
20001005,1,12,200102,,172.00,173.00,172.00,173.00,173.00,52,1746
20001005,1,12,200104,,170.80,171.80,170.50,171.80,171.80,232,2668
20001005,1,12,200106,,170.50,171.10,170.50,171.10,171.10,424,4475
20001005,1,12,200108,,169.60,170.80,169.60,170.80,170.80,1303,6251
20001005,1,13,200010,,1992.00,2001.00,1992.00,1997.00,1997.00,117,5550
20001005,1,13,200012,,1950.00,1968.00,1948.00,1951.00,1951.00,325,15491
20001005,1,13,200102,,1897.00,1904.00,1885.00,1886.00,1886.00,575,18558
20001005,1,13,200104,,1855.00,1867.00,1845.00,1855.00,1855.00,1659,32130
20001005,1,13,200106,,1834.00,1847.00,1823.00,1827.00,1827.00,5920,64559
20001005,1,13,200108,,1820.00,1827.00,1802.00,1803.00,1803.00,12062,72601
20001005,1,14,200010,,2359.00,2359.00,2359.00,2359.00,2359.00,41,3165
20001005,1,14,200012,,2363.00,2363.00,2363.00,2363.00,2363.00,15,6061
20001005,1,14,200102,,2485.00,2500.00,2485.00,2500.00,2500.00,7,346
20001005,1,14,200104,,2461.00,2469.00,2461.00,2469.00,2469.00,7,372
20001005,1,14,200106,,2426.00,2442.00,2423.00,2442.00,2442.00,18,858
20001005,1,14,200108,,2409.00,2422.00,2399.00,2415.00,2415.00,99,453
20001005,1,21,200010,,175.00,175.50,175.00,175.50,175.50,3,713
20001005,1,21,200011,,175.40,177.10,175.40,177.10,177.10,9,1055
20001005,1,21,200012,,175.60,175.60,175.60,175.60,175.60,3,1456
20001005,1,21,200101,,175.20,176.10,175.10,175.60,175.60,279,2165
20001005,1,21,200102,,175.50,175.90,174.90,175.10,175.10,320,5726
20001005,1,21,200103,,175.00,175.30,174.70,175.00,175.00,1387,3152
20001005,1,31,200011,,31050.00,31260.00,31050.00,31080.00,31080.00,213,4440
20001005,1,31,200012,,31100.00,31200.00,31000.00,31180.00,31180.00,355,8767
20001005,1,31,200101,,30800.00,30910.00,30730.00,30730.00,30730.00,1381,13467
20001005,1,31,200102,,30550.00,30600.00,30330.00,30330.00,30330.00,3784,22765
20001005,1,31,200103,,30010.00,30260.00,30010.00,30110.00,30110.00,11736,41330
20001005,1,31,200104,,29990.00,30120.00,29920.00,29970.00,29970.00,28638,35108
20001005,1,32,200011,,32960.00,33440.00,32950.00,33000.00,33000.00,159,1868
20001005,1,32,200012,,33930.00,34460.00,33890.00,34000.00,34000.00,394,3654
20001005,1,32,200101,,34700.00,34890.00,34350.00,34350.00,34350.00,1834,6905
20001005,1,32,200102,,34360.00,34600.00,34020.00,34150.00,34150.00,5757,15575
20001005,1,32,200103,,33000.00,33120.00,32780.00,32860.00,32860.00,10407,26090
20001005,1,32,200104,,30500.00,30820.00,30500.00,30750.00,30750.00,21453,22683
20001005,1,81,200010,,87.00,87.00,85.00,86.00,86.00,199,4612
20001005,1,81,200011,,88.90,88.90,86.60,88.60,88.60,749,11303
20001005,1,81,200012,,89.70,89.70,87.50,89.30,89.30,1746,23702
20001005,1,81,200101,,89.90,89.90,88.40,89.50,89.50,4716,54354
20001005,1,81,200102,,90.50,90.60,89.20,90.60,90.60,7902,55222
20001005,1,81,200103,,91.60,91.90,90.20,91.90,91.90,16107,45024
20001006,1,11,200010,,950.00,950.00,945.00,947.00,947.00,231,10073
20001006,1,11,200012,,947.00,949.00,945.00,946.00,946.00,211,32438
20001006,1,11,200102,,949.00,949.00,945.00,947.00,947.00,464,38817
20001006,1,11,200104,,947.00,947.00,943.00,945.00,945.00,566,37839
20001006,1,11,200106,,945.00,946.00,941.00,943.00,943.00,3164,66248
20001006,1,11,200108,,943.00,944.00,939.00,941.00,941.00,9198,55562
20001006,1,12,200010,,173.80,174.50,172.70,172.70,172.70,11,398
20001006,1,12,200012,,173.70,173.70,172.90,172.90,172.90,24,1904
20001006,1,12,200102,,172.50,173.10,171.70,171.90,171.90,169,1871
20001006,1,12,200104,,171.10,171.60,171.10,171.60,171.60,54,2638
20001006,1,12,200106,,170.50,171.10,170.50,170.60,170.60,249,4350
20001006,1,12,200108,,170.40,170.80,170.30,170.30,170.30,683,6317
20001006,1,13,200010,,2005.00,2017.00,2001.00,2009.00,2009.00,144,5446
20001006,1,13,200012,,1959.00,1995.00,1951.00,1990.00,1990.00,1608,15007
20001006,1,13,200102,,1906.00,1926.00,1906.00,1924.00,1924.00,745,18261
20001006,1,13,200104,,1870.00,1885.00,1870.00,1882.00,1882.00,2434,31965
20001006,1,13,200106,,1844.00,1850.00,1840.00,1847.00,1847.00,6270,64574
20001006,1,13,200108,,1823.00,1829.00,1819.00,1824.00,1824.00,14067,73150
20001006,1,14,200010,,2359.00,2359.00,2359.00,2359.00,2359.00,36,3129
20001006,1,14,200012,,2363.00,2363.00,2363.00,2363.00,2363.00,41,6020
20001006,1,14,200102,,2539.00,2545.00,2538.00,2540.00,2540.00,16,344
20001006,1,14,200104,,2519.00,2522.00,2510.00,2510.00,2510.00,4,370
20001006,1,14,200106,,2461.00,2482.00,2461.00,2468.00,2468.00,37,839
20001006,1,14,200108,,2445.00,2464.00,2445.00,2455.00,2455.00,110,461
20001006,1,21,200010,,175.40,176.00,175.40,175.50,175.50,12,713
20001006,1,21,200011,,177.10,177.10,176.30,176.80,176.80,5,1054
20001006,1,21,200012,,175.60,176.50,175.50,176.30,176.30,114,1351
20001006,1,21,200101,,176.00,176.00,175.10,175.60,175.60,68,2131
20001006,1,21,200102,,175.00,175.20,174.10,174.50,174.50,360,5778
20001006,1,21,200103,,174.70,174.70,173.90,174.60,174.60,893,3390
20001006,1,31,200011,,31030.00,31500.00,30970.00,31380.00,31380.00,235,4364
20001006,1,31,200012,,31000.00,31510.00,30900.00,31430.00,31430.00,635,8767
20001006,1,31,200101,,30680.00,31020.00,30580.00,30910.00,30910.00,978,13303
20001006,1,31,200102,,30100.00,30550.00,30100.00,30490.00,30490.00,2670,22569
20001006,1,31,200103,,29990.00,30310.00,29900.00,30300.00,30300.00,9442,41419
20001006,1,31,200104,,29850.00,30270.00,29850.00,30240.00,30240.00,21326,35322
20001006,1,32,200011,,33050.00,33630.00,33050.00,33490.00,33490.00,241,1818
20001006,1,32,200012,,33760.00,34550.00,33760.00,34440.00,34440.00,387,3630
20001006,1,32,200101,,34230.00,35000.00,34160.00,34850.00,34850.00,2027,7255
20001006,1,32,200102,,34000.00,34670.00,34000.00,34540.00,34540.00,6241,15962
20001006,1,32,200103,,32850.00,33360.00,32850.00,33170.00,33170.00,11564,26807
20001006,1,32,200104,,31000.00,31350.00,30880.00,31350.00,31350.00,20410,22318
20001006,1,81,200010,,85.60,86.90,85.00,86.90,86.90,372,4330
20001006,1,81,200011,,86.90,88.70,86.90,88.70,88.70,760,11028
20001006,1,81,200012,,87.70,89.50,87.70,89.50,89.50,1614,22948
20001006,1,81,200101,,88.10,90.00,88.10,89.20,89.20,3266,53052
20001006,1,81,200102,,89.30,91.20,89.30,90.50,90.50,6779,55170
20001006,1,81,200103,,90.80,92.60,90.60,91.70,91.70,14904,49035
20001010,1,11,200010,,950.00,950.00,941.00,942.00,942.00,608,9571
20001010,1,11,200012,,950.00,950.00,939.00,939.00,939.00,568,32270
20001010,1,11,200102,,947.00,948.00,940.00,941.00,941.00,723,38741
20001010,1,11,200104,,947.00,947.00,938.00,941.00,941.00,1865,38269
20001010,1,11,200106,,944.00,945.00,936.00,940.00,940.00,7326,66396
20001010,1,11,200108,,943.00,943.00,934.00,936.00,936.00,15638,58137
20001010,1,12,200010,,172.70,172.70,172.70,172.70,172.70,1,398
20001010,1,12,200012,,172.90,172.90,172.90,172.90,172.90,1,1904
20001010,1,12,200102,,171.60,171.60,171.60,171.60,171.60,1,1870
20001010,1,12,200104,,171.40,171.40,170.90,171.40,171.40,23,2634
20001010,1,12,200106,,170.50,171.70,170.50,170.70,170.70,124,4301
20001010,1,12,200108,,170.60,170.70,169.50,170.70,170.70,1071,6760
20001010,1,13,200010,,2019.00,2019.00,2013.00,2016.00,2016.00,101,5394
20001010,1,13,200012,,2002.00,2004.00,1986.00,1999.00,1999.00,621,14859
20001010,1,13,200102,,1930.00,1941.00,1916.00,1930.00,1930.00,857,18197
20001010,1,13,200104,,1880.00,1888.00,1872.00,1874.00,1874.00,1568,32294
20001010,1,13,200106,,1852.00,1853.00,1836.00,1839.00,1839.00,3969,65868
20001010,1,13,200108,,1830.00,1832.00,1816.00,1819.00,1819.00,9506,74928
20001010,1,14,200010,,2359.00,2359.00,2359.00,2359.00,2359.00,487,2642
20001010,1,14,200012,,2363.00,2363.00,2363.00,2363.00,2363.00,207,5813
20001010,1,14,200102,,2510.00,2510.00,2510.00,2510.00,2510.00,1,344
20001010,1,14,200104,,2470.00,2470.00,2465.00,2465.00,2465.00,2,370
20001010,1,14,200106,,2452.00,2452.00,2430.00,2432.00,2432.00,30,826
20001010,1,14,200108,,2413.00,2435.00,2413.00,2430.00,2430.00,48,480
20001010,1,21,200010,,174.00,174.00,174.00,174.00,174.00,1,712
20001010,1,21,200011,,175.00,175.10,174.10,174.50,174.50,58,1018
20001010,1,21,200012,,175.00,175.00,172.30,172.30,172.30,85,1318
20001010,1,21,200101,,174.10,174.10,172.50,173.00,173.00,354,2035
20001010,1,21,200102,,173.40,173.40,171.50,171.50,171.50,700,5609
20001010,1,21,200103,,173.40,173.40,171.90,172.00,172.00,1201,3418
20001010,1,31,200011,,31770.00,31960.00,31750.00,31790.00,31790.00,414,4138
20001010,1,31,200012,,31720.00,31920.00,31650.00,31750.00,31750.00,548,8559
20001010,1,31,200101,,31400.00,31540.00,31320.00,31320.00,31320.00,1360,12827
20001010,1,31,200102,,30980.00,31070.00,30920.00,30990.00,30990.00,5872,23162
20001010,1,31,200103,,30800.00,30880.00,30670.00,30700.00,30700.00,14304,39726
20001010,1,31,200104,,30700.00,30830.00,30610.00,30610.00,30610.00,30637,35454
20001010,1,32,200011,,33750.00,34010.00,33660.00,33950.00,33950.00,147,1780
20001010,1,32,200012,,34900.00,34940.00,34700.00,34880.00,34880.00,622,3650
20001010,1,32,200101,,35340.00,35500.00,35220.00,35420.00,35420.00,2804,7139
20001010,1,32,200102,,35000.00,35240.00,34880.00,35230.00,35230.00,10360,17285
20001010,1,32,200103,,33640.00,33870.00,33550.00,33870.00,33870.00,13004,27668
20001010,1,32,200104,,31900.00,32050.00,31790.00,32050.00,32050.00,17995,22998
20001010,1,81,200010,,86.90,86.90,85.70,86.40,86.40,195,4288
20001010,1,81,200011,,87.90,88.60,87.30,88.60,88.60,387,10874
20001010,1,81,200012,,89.00,90.00,88.00,90.00,90.00,1160,22805
20001010,1,81,200101,,88.60,90.20,88.60,90.20,90.20,2074,52641
20001010,1,81,200102,,90.20,91.10,89.80,91.10,91.10,5114,54733
20001010,1,81,200103,,91.30,93.00,91.00,93.00,93.00,12822,52709
20001011,1,11,200010,,949.00,954.00,949.00,951.00,951.00,211,9454
20001011,1,11,200012,,951.00,956.00,951.00,952.00,952.00,285,32154
20001011,1,11,200102,,951.00,953.00,949.00,949.00,949.00,454,38599
20001011,1,11,200104,,949.00,952.00,949.00,950.00,950.00,422,38225
20001011,1,11,200106,,947.00,951.00,947.00,948.00,948.00,2384,66103
20001011,1,11,200108,,945.00,949.00,945.00,947.00,947.00,7829,57789
20001011,1,12,200010,,172.50,172.50,172.50,172.50,172.50,1,398
20001011,1,12,200012,,172.50,172.50,172.30,172.30,172.30,14,1895
20001011,1,12,200102,,171.90,172.70,171.90,172.70,172.70,20,1869
20001011,1,12,200104,,171.20,171.90,171.10,171.90,171.90,76,2575
20001011,1,12,200106,,170.90,171.00,170.60,171.00,171.00,52,4281
20001011,1,12,200108,,170.40,170.60,170.00,170.40,170.40,495,7059
20001011,1,13,200010,,2016.00,2020.00,1996.00,2005.00,2005.00,167,5271
20001011,1,13,200012,,1997.00,1997.00,1968.00,1985.00,1985.00,469,14696
20001011,1,13,200102,,1922.00,1937.00,1904.00,1926.00,1926.00,1236,18028
20001011,1,13,200104,,1868.00,1883.00,1860.00,1873.00,1873.00,1344,32325
20001011,1,13,200106,,1839.00,1847.00,1829.00,1839.00,1839.00,4163,64510
20001011,1,13,200108,,1816.00,1830.00,1809.00,1820.00,1820.00,8456,73757
20001011,1,14,200010,,2359.00,2359.00,2359.00,2359.00,2359.00,25,2617
20001011,1,14,200012,,2363.00,2363.00,2363.00,2363.00,2363.00,8,5805
20001011,1,14,200102,,2495.00,2495.00,2454.00,2457.00,2457.00,40,317
20001011,1,14,200104,,2420.00,2425.00,2420.00,2425.00,2425.00,6,370
20001011,1,14,200106,,2399.00,2419.00,2399.00,2417.00,2417.00,12,825
20001011,1,14,200108,,2418.00,2418.00,2390.00,2402.00,2402.00,82,517
20001011,1,21,200010,,174.10,175.50,174.10,175.50,175.50,6,706
20001011,1,21,200011,,175.00,175.20,174.40,174.50,174.50,27,993
20001011,1,21,200012,,172.40,174.30,172.40,173.30,173.30,14,1308
20001011,1,21,200101,,173.80,174.30,173.30,173.40,173.40,134,1986
20001011,1,21,200102,,171.90,173.30,171.90,172.70,172.70,1262,5399
20001011,1,21,200103,,172.00,173.00,171.80,172.60,172.60,994,3878
20001011,1,31,200011,,32200.00,32300.00,31760.00,31760.00,31760.00,300,3952
20001011,1,31,200012,,32260.00,32360.00,31600.00,31600.00,31600.00,829,8349
20001011,1,31,200101,,31970.00,31980.00,31030.00,31400.00,31400.00,3273,12926
20001011,1,31,200102,,31450.00,31690.00,30780.00,30850.00,30850.00,9928,22530
20001011,1,31,200103,,31300.00,31400.00,30460.00,30760.00,30760.00,25172,37850
20001011,1,31,200104,,31300.00,31300.00,30410.00,30580.00,30580.00,53080,39955
20001011,1,32,200011,,34570.00,34570.00,33870.00,33930.00,33930.00,216,1696
20001011,1,32,200012,,35230.00,35480.00,34500.00,34620.00,34620.00,928,3580
20001011,1,32,200101,,36090.00,36100.00,35080.00,35250.00,35250.00,4561,7305
20001011,1,32,200102,,35730.00,35930.00,35070.00,35130.00,35130.00,16641,18407
20001011,1,32,200103,,34570.00,34570.00,33790.00,34030.00,34030.00,22311,27397
20001011,1,32,200104,,32750.00,32750.00,32120.00,32400.00,32400.00,26877,23621
20001011,1,81,200010,,86.50,86.50,85.40,85.40,85.40,151,4166
20001011,1,81,200011,,88.50,88.50,87.40,87.40,87.40,648,10462
20001011,1,81,200012,,89.70,89.70,88.40,88.40,88.40,700,22590
20001011,1,81,200101,,90.00,90.00,89.20,89.20,89.20,1957,51622
20001011,1,81,200102,,90.60,90.60,89.40,89.40,89.40,3826,54698
20001011,1,81,200103,,91.80,92.10,90.70,90.70,90.70,11331,56615
20001012,1,11,200010,,942.00,946.00,941.00,944.00,944.00,967,9179
20001012,1,11,200012,,943.00,945.00,941.00,945.00,945.00,197,32009
20001012,1,11,200102,,942.00,944.00,939.00,942.00,942.00,347,38545
20001012,1,11,200104,,939.00,943.00,938.00,940.00,940.00,1648,38173
20001012,1,11,200106,,937.00,942.00,937.00,941.00,941.00,4949,66643
20001012,1,11,200108,,936.00,940.00,935.00,938.00,938.00,12466,60380
20001012,1,12,200010,,172.10,172.70,171.70,172.10,172.10,60,361
20001012,1,12,200012,,171.70,171.70,171.20,171.70,171.70,12,1893
20001012,1,12,200102,,171.40,171.60,170.70,170.70,170.70,212,1866
20001012,1,12,200104,,170.30,170.50,169.70,170.50,170.50,90,2605
20001012,1,12,200106,,169.50,169.60,169.00,169.00,169.00,114,4215
20001012,1,12,200108,,169.70,169.70,168.30,168.30,168.30,985,6936
20001012,1,13,200010,,2017.00,2017.00,2003.00,2005.00,2005.00,114,5191
20001012,1,13,200012,,1997.00,1997.00,1978.00,1985.00,1985.00,107,14666
20001012,1,13,200102,,1932.00,1932.00,1918.00,1924.00,1924.00,347,18023
20001012,1,13,200104,,1880.00,1880.00,1866.00,1872.00,1872.00,808,32016
20001012,1,13,200106,,1839.00,1849.00,1838.00,1842.00,1842.00,2009,64118
20001012,1,13,200108,,1825.00,1829.00,1817.00,1822.00,1822.00,4616,73669
20001012,1,14,200010,,2359.00,2359.00,2359.00,2359.00,2359.00,1,2617
20001012,1,14,200012,,2363.00,2363.00,2363.00,2363.00,2363.00,5,5801
20001012,1,14,200102,,2477.00,2480.00,2477.00,2480.00,2480.00,6,311
20001012,1,14,200104,,2460.00,2460.00,2460.00,2460.00,2460.00,2,370
20001012,1,14,200106,,2452.00,2453.00,2451.00,2453.00,2453.00,16,832
20001012,1,14,200108,,2429.00,2430.00,2418.00,2422.00,2422.00,24,527
20001012,1,21,200010,,176.00,176.00,175.60,175.60,175.60,3,705
20001012,1,21,200011,,175.70,176.10,175.60,176.10,176.10,9,987
20001012,1,21,200012,,175.40,175.40,174.40,175.10,175.10,56,1316
20001012,1,21,200101,,174.00,175.00,173.90,174.20,174.20,32,1982
20001012,1,21,200102,,173.80,174.10,173.20,173.30,173.30,480,5384
20001012,1,21,200103,,173.30,173.80,172.90,173.60,173.60,773,4151
20001012,1,31,200011,,31680.00,31790.00,31290.00,31720.00,31720.00,522,3642
20001012,1,31,200012,,31490.00,31680.00,31400.00,31620.00,31620.00,391,8223
20001012,1,31,200101,,31300.00,31380.00,31030.00,31320.00,31320.00,1488,12533
20001012,1,31,200102,,30840.00,31070.00,30660.00,31070.00,31070.00,4130,22454
20001012,1,31,200103,,30710.00,31000.00,30550.00,30940.00,30940.00,11427,36991
20001012,1,31,200104,,30550.00,30870.00,30370.00,30780.00,30780.00,36889,42078
20001012,1,32,200011,,33660.00,33930.00,33450.00,33700.00,33700.00,112,1676
20001012,1,32,200012,,34420.00,34640.00,34130.00,34350.00,34350.00,401,3493
20001012,1,32,200101,,34950.00,35200.00,34600.00,34700.00,34700.00,2249,7253
20001012,1,32,200102,,34950.00,35090.00,34440.00,34590.00,34590.00,8448,18508
20001012,1,32,200103,,33920.00,34080.00,33340.00,33340.00,33340.00,14572,27089
20001012,1,32,200104,,32400.00,32500.00,31740.00,31820.00,31820.00,29411,26387
20001012,1,81,200010,,83.40,84.50,83.30,83.30,83.30,271,4021
20001012,1,81,200011,,85.70,86.40,85.40,85.40,85.40,776,10027
20001012,1,81,200012,,86.60,87.50,86.60,86.60,86.60,848,22365
20001012,1,81,200101,,87.20,88.10,87.00,87.00,87.00,2807,50550
20001012,1,81,200102,,88.10,88.30,87.10,87.10,87.10,5735,53947
20001012,1,81,200103,,89.30,89.60,88.50,88.50,88.50,17565,58907
20001013,1,11,200010,,963.00,966.00,958.00,958.00,958.00,1099,8487
20001013,1,11,200012,,960.00,967.00,957.00,958.00,958.00,672,31723
20001013,1,11,200102,,960.00,965.00,956.00,958.00,958.00,816,38201
20001013,1,11,200104,,960.00,963.00,955.00,958.00,958.00,3336,38004
20001013,1,11,200106,,958.00,964.00,955.00,958.00,958.00,13320,63914
20001013,1,11,200108,,958.00,962.00,949.00,956.00,956.00,41053,64414
20001013,1,12,200010,,173.00,173.20,173.00,173.00,173.00,6,357
20001013,1,12,200012,,173.00,173.00,172.90,173.00,173.00,25,1871
20001013,1,12,200102,,172.90,172.90,172.00,172.00,172.00,39,1856
20001013,1,12,200104,,171.00,171.60,170.80,171.50,171.50,105,2611
20001013,1,12,200106,,169.50,171.00,169.50,170.50,170.50,90,4197
20001013,1,12,200108,,170.40,170.80,169.80,170.40,170.40,1159,7003
20001013,1,13,200010,,2010.00,2020.00,2009.00,2020.00,2020.00,67,5148
20001013,1,13,200012,,1989.00,1993.00,1981.00,1993.00,1993.00,177,14607
20001013,1,13,200102,,1926.00,1943.00,1925.00,1925.00,1925.00,432,17859
20001013,1,13,200104,,1885.00,1895.00,1881.00,1895.00,1895.00,1723,31827
20001013,1,13,200106,,1852.00,1862.00,1852.00,1860.00,1860.00,3785,63750
20001013,1,13,200108,,1832.00,1842.00,1831.00,1838.00,1838.00,14080,73667
20001013,1,14,200010,,2359.00,2359.00,2359.00,2359.00,2359.00,6,2612
20001013,1,14,200012,,2363.00,2363.00,2363.00,2363.00,2363.00,48,5753
20001013,1,14,200102,,2493.00,2493.00,2493.00,2493.00,2493.00,1,311
20001013,1,14,200104,,2473.00,2473.00,2470.00,2470.00,2470.00,2,370
20001013,1,14,200106,,2460.00,2460.00,2456.00,2456.00,2456.00,6,831
20001013,1,14,200108,,2440.00,2443.00,2426.00,2426.00,2426.00,25,519
20001013,1,21,200010,,173.50,173.50,172.60,172.60,172.60,25,705
20001013,1,21,200011,,175.00,175.00,172.60,172.90,172.90,63,943
20001013,1,21,200012,,174.00,174.00,172.00,173.30,173.30,163,1263
20001013,1,21,200101,,172.00,172.90,170.50,171.00,171.00,170,1932
20001013,1,21,200102,,171.00,171.30,170.10,170.80,170.80,1493,5836
20001013,1,21,200103,,171.00,171.10,169.60,170.20,170.20,3285,5650
20001013,1,31,200011,,32420.00,32750.00,32270.00,32600.00,32600.00,1077,3531
20001013,1,31,200012,,32320.00,32320.00,32260.00,32320.00,32320.00,562,8090
20001013,1,31,200101,,32020.00,32020.00,32020.00,32020.00,32020.00,438,12427
20001013,1,31,200102,,31770.00,31770.00,31770.00,31770.00,31770.00,1045,22707
20001013,1,31,200103,,31640.00,31640.00,31640.00,31640.00,31640.00,3050,36526
20001013,1,31,200104,,31480.00,31480.00,31480.00,31480.00,31480.00,8847,43674
20001013,1,32,200011,,34400.00,34950.00,34370.00,34890.00,34890.00,349,1775
20001013,1,32,200012,,35050.00,35050.00,35050.00,35050.00,35050.00,169,3491
20001013,1,32,200101,,35400.00,35400.00,35400.00,35400.00,35400.00,352,7259
20001013,1,32,200102,,35290.00,35290.00,35290.00,35290.00,35290.00,875,18535
20001013,1,32,200103,,34040.00,34040.00,34040.00,34040.00,34040.00,1705,27495
20001013,1,32,200104,,32520.00,32520.00,32520.00,32520.00,32520.00,3934,27792
20001013,1,81,200010,,84.10,86.00,84.10,85.40,85.40,152,3972
20001013,1,81,200011,,86.20,88.00,86.20,87.40,87.40,694,9738
20001013,1,81,200012,,87.80,89.20,87.80,88.40,88.40,596,22323
20001013,1,81,200101,,88.40,89.80,88.40,88.90,88.90,2197,50426
20001013,1,81,200102,,89.00,90.50,88.90,89.50,89.50,5814,54246
20001013,1,81,200103,,90.10,91.20,90.10,90.90,90.90,14328,62374
20001016,1,11,200010,,948.00,950.00,946.00,948.00,948.00,188,8386
20001016,1,11,200012,,947.00,950.00,945.00,948.00,948.00,175,31677
20001016,1,11,200102,,945.00,948.00,942.00,947.00,947.00,394,38104
20001016,1,11,200104,,944.00,948.00,942.00,945.00,945.00,1601,37743
20001016,1,11,200106,,944.00,947.00,941.00,945.00,945.00,7466,63973
20001016,1,11,200108,,942.00,946.00,939.00,943.00,943.00,20567,67816
20001016,1,12,200010,,171.00,171.00,171.00,171.00,171.00,1,356
20001016,1,12,200012,,172.20,174.00,172.20,172.20,172.20,47,1848
20001016,1,12,200102,,170.90,171.00,170.90,171.00,171.00,15,1856
20001016,1,12,200104,,170.30,170.30,169.60,170.30,170.30,28,2615
20001016,1,12,200106,,169.70,169.80,169.10,169.80,169.80,55,4153
20001016,1,12,200108,,168.60,169.30,168.40,168.50,168.50,986,7005
20001016,1,13,200010,,2010.00,2016.00,1993.00,1994.00,1994.00,453,4973
20001016,1,13,200012,,1971.00,1977.00,1965.00,1977.00,1977.00,187,14503
20001016,1,13,200102,,1901.00,1915.00,1901.00,1911.00,1911.00,458,17832
20001016,1,13,200104,,1883.00,1886.00,1861.00,1882.00,1882.00,2215,31761
20001016,1,13,200106,,1847.00,1854.00,1836.00,1850.00,1850.00,4343,62949
20001016,1,13,200108,,1827.00,1833.00,1816.00,1828.00,1828.00,12532,72524
20001016,1,14,200010,,2359.00,2359.00,2359.00,2359.00,2359.00,69,2543
20001016,1,14,200012,,2363.00,2363.00,2363.00,2363.00,2363.00,21,5752
20001016,1,14,200102,,2504.00,2504.00,2480.00,2480.00,2480.00,3,311
20001016,1,14,200104,,2432.00,2432.00,2432.00,2432.00,2432.00,1,370
20001016,1,14,200106,,2416.00,2416.00,2386.00,2386.00,2386.00,24,829
20001016,1,14,200108,,2411.00,2411.00,2357.00,2357.00,2357.00,52,511
20001016,1,21,200010,,173.10,173.10,173.10,173.10,173.10,35,670
20001016,1,21,200011,,173.40,174.30,173.40,174.30,174.30,50,893
20001016,1,21,200012,,174.70,175.00,174.10,174.70,174.70,34,1254
20001016,1,21,200101,,174.50,174.50,172.80,173.40,173.40,260,2018
20001016,1,21,200102,,172.90,173.10,171.60,171.70,171.70,677,5770
20001016,1,21,200103,,171.50,172.20,171.50,171.60,171.60,1990,5996
20001016,1,31,200011,,32000.00,32070.00,31750.00,32050.00,32050.00,473,3241
20001016,1,31,200012,,32220.00,32220.00,31820.00,32180.00,32180.00,662,7889
20001016,1,31,200101,,31820.00,32030.00,31560.00,32030.00,32030.00,1809,12105
20001016,1,31,200102,,31920.00,32000.00,31450.00,31970.00,31970.00,9043,20636
20001016,1,31,200103,,31240.00,31900.00,31240.00,31900.00,31900.00,23416,35939
20001016,1,31,200104,,31480.00,31830.00,31160.00,31830.00,31830.00,60843,46473
20001016,1,32,200011,,34400.00,34470.00,34060.00,34470.00,34470.00,343,1599
20001016,1,32,200012,,34650.00,34850.00,34540.00,34830.00,34830.00,559,3384
20001016,1,32,200101,,35000.00,35390.00,34950.00,35310.00,35310.00,1606,6754
20001016,1,32,200102,,35230.00,35380.00,34800.00,35370.00,35370.00,6347,18188
20001016,1,32,200103,,33890.00,34110.00,33550.00,34110.00,34110.00,10345,26911
20001016,1,32,200104,,32330.00,32500.00,32040.00,32500.00,32500.00,21757,30108
20001016,1,81,200010,,85.90,86.50,85.30,86.50,86.50,95,3917
20001016,1,81,200011,,88.00,88.40,88.00,88.40,88.40,238,9623
20001016,1,81,200012,,88.90,89.30,88.50,89.30,89.30,743,22259
20001016,1,81,200101,,89.60,90.00,89.10,90.00,90.00,1554,50109
20001016,1,81,200102,,89.80,90.00,89.40,90.00,90.00,3091,53834
20001016,1,81,200103,,90.80,90.90,90.70,90.90,90.90,7978,63025
20001017,1,11,200010,,947.00,950.00,945.00,945.00,945.00,349,8190
20001017,1,11,200012,,950.00,950.00,945.00,945.00,945.00,375,31471
20001017,1,11,200102,,949.00,949.00,944.00,944.00,944.00,530,38079
20001017,1,11,200104,,946.00,946.00,941.00,943.00,943.00,1273,37708
20001017,1,11,200106,,944.00,945.00,940.00,942.00,942.00,4289,63843
20001017,1,11,200108,,943.00,943.00,938.00,941.00,941.00,13302,70174
20001017,1,12,200010,,171.40,171.70,171.40,171.70,171.70,2,355
20001017,1,12,200012,,172.80,172.80,172.00,172.10,172.10,20,1843
20001017,1,12,200102,,169.70,171.60,169.70,170.70,170.70,103,1795
20001017,1,12,200104,,169.80,170.20,169.70,170.20,170.20,11,2613
20001017,1,12,200106,,169.10,169.50,169.00,169.00,169.00,157,4109
20001017,1,12,200108,,169.00,169.00,167.90,168.40,168.40,1000,6704
20001017,1,13,200010,,1990.00,1996.00,1980.00,1989.00,1989.00,253,4834
20001017,1,13,200012,,1953.00,1970.00,1953.00,1965.00,1965.00,176,14422
20001017,1,13,200102,,1896.00,1917.00,1890.00,1891.00,1891.00,619,17689
20001017,1,13,200104,,1864.00,1877.00,1855.00,1865.00,1865.00,1336,31574
20001017,1,13,200106,,1830.00,1848.00,1828.00,1830.00,1830.00,4510,62552
20001017,1,13,200108,,1811.00,1830.00,1805.00,1811.00,1811.00,12899,72726
20001017,1,14,200010,,2359.00,2359.00,2359.00,2359.00,2359.00,2,2541
20001017,1,14,200012,,0.00,0.00,0.00,0.00,2363.00,0,5752
20001017,1,14,200102,,2470.00,2472.00,2470.00,2472.00,2472.00,4,309
20001017,1,14,200104,,0.00,0.00,0.00,0.00,2429.00,0,370
20001017,1,14,200106,,2388.00,2397.00,2388.00,2388.00,2388.00,9,830
20001017,1,14,200108,,2389.00,2389.00,2371.00,2374.00,2374.00,35,518
20001017,1,21,200010,,173.10,174.00,173.10,174.00,174.00,2,668
20001017,1,21,200011,,174.90,175.40,174.80,174.80,174.80,23,870
20001017,1,21,200012,,174.50,177.00,174.50,177.00,177.00,66,1259
20001017,1,21,200101,,171.80,174.00,171.80,172.60,172.60,251,2050
20001017,1,21,200102,,172.00,172.50,171.60,171.90,171.90,248,5709
20001017,1,21,200103,,172.10,172.10,171.30,171.50,171.50,1312,6370
20001017,1,31,200011,,31750.00,32180.00,31700.00,32180.00,32180.00,371,3001
20001017,1,31,200012,,31730.00,32310.00,31700.00,32220.00,32220.00,532,7678
20001017,1,31,200101,,31780.00,32300.00,31610.00,32300.00,32300.00,1770,11556
20001017,1,31,200102,,31680.00,32200.00,31520.00,32200.00,32200.00,4951,20046
20001017,1,31,200103,,31570.00,32240.00,31340.00,32240.00,32240.00,23217,36816
20001017,1,31,200104,,31500.00,32100.00,31330.00,32020.00,32020.00,58093,49746
20001017,1,32,200011,,34010.00,34790.00,34010.00,34790.00,34790.00,247,1485
20001017,1,32,200012,,34500.00,35220.00,34470.00,35000.00,35000.00,426,3294
20001017,1,32,200101,,34970.00,35650.00,34950.00,35600.00,35600.00,1208,6523
20001017,1,32,200102,,35100.00,35580.00,34900.00,35550.00,35550.00,5538,17966
20001017,1,32,200103,,33660.00,34230.00,33640.00,34230.00,34230.00,9333,26622
20001017,1,32,200104,,32080.00,32610.00,32070.00,32440.00,32440.00,22389,31644
20001017,1,81,200010,,86.50,86.60,86.40,86.40,86.40,76,3916
20001017,1,81,200011,,88.10,88.40,88.00,88.40,88.40,609,9443
20001017,1,81,200012,,89.10,89.30,89.00,89.30,89.30,1151,22199
20001017,1,81,200101,,89.40,89.60,89.30,89.50,89.50,1715,49667
20001017,1,81,200102,,89.70,89.90,89.40,89.90,89.90,3506,53226
20001017,1,81,200103,,90.50,91.10,90.50,90.90,90.90,7464,64115
20001018,1,11,200010,,947.00,948.00,944.00,948.00,948.00,351,8079
20001018,1,11,200012,,945.00,947.00,943.00,946.00,946.00,211,31321
20001018,1,11,200102,,945.00,947.00,942.00,947.00,947.00,407,37877
20001018,1,11,200104,,944.00,945.00,942.00,943.00,943.00,421,37651
20001018,1,11,200106,,941.00,944.00,941.00,944.00,944.00,1972,63213
20001018,1,11,200108,,939.00,942.00,939.00,942.00,942.00,7040,71014
20001018,1,12,200010,,170.40,170.40,169.40,169.40,169.40,6,349
20001018,1,12,200012,,171.40,172.40,171.20,171.20,171.20,15,1840
20001018,1,12,200102,,169.50,170.00,169.30,169.90,169.90,191,1889
20001018,1,12,200104,,169.40,169.80,168.40,169.80,169.80,222,2804
20001018,1,12,200106,,168.40,168.70,167.90,168.60,168.60,51,4067
20001018,1,12,200108,,168.30,168.30,167.60,168.30,168.30,1422,6439
20001018,1,13,200010,,1989.00,1989.00,1975.00,1978.00,1978.00,281,4801
20001018,1,13,200012,,1956.00,1961.00,1947.00,1957.00,1957.00,387,14166
20001018,1,13,200102,,1886.00,1895.00,1880.00,1895.00,1895.00,345,17564
20001018,1,13,200104,,1852.00,1863.00,1850.00,1857.00,1857.00,1651,31331
20001018,1,13,200106,,1823.00,1830.00,1823.00,1828.00,1828.00,3137,62159
20001018,1,13,200108,,1805.00,1811.00,1802.00,1808.00,1808.00,8728,72958
20001018,1,14,200010,,2359.00,2359.00,2359.00,2359.00,2359.00,10,2533
20001018,1,14,200012,,2363.00,2363.00,2363.00,2363.00,2363.00,8,5744
20001018,1,14,200102,,2465.00,2465.00,2465.00,2465.00,2465.00,5,304
20001018,1,14,200104,,2423.00,2423.00,2423.00,2423.00,2423.00,6,364
20001018,1,14,200106,,2380.00,2380.00,2370.00,2380.00,2380.00,9,823
20001018,1,14,200108,,2359.00,2380.00,2359.00,2380.00,2380.00,21,518
20001018,1,21,200010,,172.40,172.40,170.00,170.00,170.00,34,644
20001018,1,21,200011,,171.90,171.90,170.80,171.10,171.10,94,836
20001018,1,21,200012,,173.00,173.00,173.00,173.00,173.00,46,1257
20001018,1,21,200101,,170.00,171.00,168.60,170.50,170.50,988,1748
20001018,1,21,200102,,168.80,168.80,167.90,168.50,168.50,2140,5338
20001018,1,21,200103,,168.00,168.50,167.50,167.50,167.50,3541,6899
20001018,1,31,200011,,32160.00,32230.00,31900.00,32100.00,32100.00,646,2431
20001018,1,31,200012,,32360.00,32410.00,32220.00,32370.00,32370.00,617,7405
20001018,1,31,200101,,32300.00,32650.00,32260.00,32630.00,32630.00,1576,11087
20001018,1,31,200102,,32200.00,32600.00,32110.00,32600.00,32600.00,4954,19754
20001018,1,31,200103,,32100.00,32600.00,32000.00,32550.00,32550.00,23613,36739
20001018,1,31,200104,,32020.00,32480.00,31920.00,32400.00,32400.00,63008,50788
20001018,1,32,200011,,34840.00,35300.00,34770.00,34910.00,34910.00,692,1075
20001018,1,32,200012,,35290.00,35510.00,35250.00,35290.00,35290.00,754,3170
20001018,1,32,200101,,35810.00,35930.00,35530.00,35570.00,35570.00,1697,6237
20001018,1,32,200102,,35540.00,35770.00,35380.00,35500.00,35500.00,6976,17348
20001018,1,32,200103,,34230.00,34500.00,34130.00,34300.00,34300.00,10131,26485
20001018,1,32,200104,,32570.00,32760.00,32380.00,32700.00,32700.00,28030,31576
20001018,1,81,200010,,85.70,85.70,85.40,85.40,85.40,123,3920
20001018,1,81,200011,,87.00,87.40,86.80,86.80,86.80,503,9339
20001018,1,81,200012,,87.80,87.90,87.60,87.60,87.60,773,22094
20001018,1,81,200101,,88.70,88.70,87.50,87.50,87.50,1946,49098
20001018,1,81,200102,,88.10,88.30,87.50,87.50,87.50,3659,53082
20001018,1,81,200103,,89.50,89.50,87.90,87.90,87.90,11682,64842
20001019,1,11,200010,,943.00,945.00,941.00,941.00,941.00,673,7832
20001019,1,11,200012,,941.00,945.00,941.00,941.00,941.00,289,31210
20001019,1,11,200102,,940.00,943.00,940.00,942.00,942.00,363,37860
20001019,1,11,200104,,940.00,942.00,938.00,939.00,939.00,1009,37653
20001019,1,11,200106,,939.00,941.00,936.00,936.00,936.00,3090,63206
20001019,1,11,200108,,937.00,939.00,935.00,935.00,935.00,14112,74287
20001019,1,12,200010,,169.00,169.00,168.30,168.30,168.30,8,348
20001019,1,12,200012,,170.90,170.90,170.80,170.80,170.80,10,1830
20001019,1,12,200102,,169.60,170.60,169.60,170.60,170.60,2,1889
20001019,1,12,200104,,168.80,169.60,168.80,169.50,169.50,60,2836
20001019,1,12,200106,,167.60,168.80,167.60,167.70,167.70,122,4037
20001019,1,12,200108,,168.00,168.20,167.40,167.40,167.40,844,6580
20001019,1,13,200010,,1985.00,1997.00,1984.00,1986.00,1986.00,240,4758
20001019,1,13,200012,,1952.00,1966.00,1947.00,1955.00,1955.00,318,14036
20001019,1,13,200102,,1897.00,1901.00,1886.00,1888.00,1888.00,387,17645
20001019,1,13,200104,,1861.00,1865.00,1853.00,1854.00,1854.00,1014,31208
20001019,1,13,200106,,1835.00,1837.00,1825.00,1825.00,1825.00,2719,62128
20001019,1,13,200108,,1811.00,1816.00,1807.00,1807.00,1807.00,5296,72674
20001019,1,14,200010,,2359.00,2359.00,2359.00,2359.00,2359.00,16,2517
20001019,1,14,200012,,2363.00,2363.00,2363.00,2363.00,2363.00,14,5736
20001019,1,14,200102,,2473.00,2473.00,2473.00,2473.00,2473.00,1,304
20001019,1,14,200104,,2423.00,2423.00,2423.00,2423.00,2423.00,1,364
20001019,1,14,200106,,2403.00,2403.00,2398.00,2398.00,2398.00,4,823
20001019,1,14,200108,,2389.00,2400.00,2389.00,2399.00,2399.00,16,512
20001019,1,21,200010,,170.00,170.00,170.00,170.00,170.00,1,644
20001019,1,21,200011,,170.50,170.60,170.30,170.30,170.30,31,805
20001019,1,21,200012,,171.90,172.00,170.00,170.90,170.90,190,1167
20001019,1,21,200101,,170.00,170.40,168.80,169.00,169.00,230,1745
20001019,1,21,200102,,168.60,168.60,167.00,167.00,167.00,868,5085
20001019,1,21,200103,,167.60,168.50,167.50,167.60,167.60,1692,7037
20001019,1,31,200011,,31980.00,32000.00,31210.00,31250.00,31250.00,1140,1639
20001019,1,31,200012,,32300.00,32300.00,31830.00,31920.00,31920.00,838,7208
20001019,1,31,200101,,32510.00,32550.00,32080.00,32200.00,32200.00,2402,10871
20001019,1,31,200102,,32290.00,32550.00,31980.00,32220.00,32220.00,5227,19866
20001019,1,31,200103,,32150.00,32500.00,31900.00,32060.00,32060.00,20666,36582
20001019,1,31,200104,,32260.00,32430.00,31770.00,32060.00,32060.00,53751,52851
20001019,1,32,200011,,34970.00,34990.00,34160.00,34770.00,34770.00,459,797
20001019,1,32,200012,,35150.00,35320.00,34760.00,34860.00,34860.00,560,3161
20001019,1,32,200101,,35490.00,35600.00,35060.00,35120.00,35120.00,967,6242
20001019,1,32,200102,,35300.00,35500.00,34820.00,35030.00,35030.00,4784,17693
20001019,1,32,200103,,34300.00,34340.00,33650.00,33800.00,33800.00,9147,25651
20001019,1,32,200104,,32590.00,32670.00,32150.00,32490.00,32490.00,23092,33628
20001019,1,81,200010,,82.30,82.30,82.00,82.30,82.30,231,3773
20001019,1,81,200011,,83.70,84.10,83.60,83.80,83.80,710,9027
20001019,1,81,200012,,84.00,84.60,83.90,83.90,83.90,1803,21353
20001019,1,81,200101,,83.70,84.20,83.70,83.90,83.90,5378,47453
20001019,1,81,200102,,83.90,84.40,83.70,83.80,83.80,10474,52791
20001019,1,81,200103,,85.30,85.60,84.80,84.90,84.90,31403,65258
20001020,1,11,200010,,947.00,951.00,947.00,951.00,951.00,584,7559
20001020,1,11,200012,,948.00,951.00,946.00,949.00,949.00,116,31152
20001020,1,11,200102,,945.00,949.00,945.00,949.00,949.00,611,37815
20001020,1,11,200104,,945.00,948.00,944.00,948.00,948.00,844,37607
20001020,1,11,200106,,943.00,947.00,943.00,946.00,946.00,2501,62835
20001020,1,11,200108,,942.00,945.00,941.00,945.00,945.00,8288,74111
20001020,1,12,200010,,167.70,169.00,167.70,169.00,169.00,8,342
20001020,1,12,200012,,170.70,171.50,170.30,171.10,171.10,93,1874
20001020,1,12,200102,,170.50,170.70,170.50,170.60,170.60,7,1882
20001020,1,12,200104,,169.00,169.80,169.00,169.80,169.80,38,2860
20001020,1,12,200106,,168.00,169.20,168.00,168.60,168.60,213,3997
20001020,1,12,200108,,168.30,168.40,167.60,168.20,168.20,973,6480
20001020,1,13,200010,,2010.00,2042.00,2010.00,2029.00,2029.00,355,4595
20001020,1,13,200012,,1998.00,2015.00,1985.00,2008.00,2008.00,1152,13722
20001020,1,13,200102,,1933.00,1950.00,1923.00,1940.00,1940.00,1006,17474
20001020,1,13,200104,,1888.00,1911.00,1882.00,1909.00,1909.00,4464,30549
20001020,1,13,200106,,1863.00,1873.00,1856.00,1866.00,1866.00,11330,61018
20001020,1,13,200108,,1841.00,1853.00,1836.00,1845.00,1845.00,26600,71044
20001020,1,14,200010,,2359.00,2359.00,2359.00,2359.00,2359.00,15,2502
20001020,1,14,200012,,2363.00,2363.00,2363.00,2363.00,2363.00,15,5721
20001020,1,14,200102,,2549.00,2553.00,2547.00,2549.00,2549.00,16,295
20001020,1,14,200104,,2441.00,2501.00,2441.00,2487.00,2487.00,22,371
20001020,1,14,200106,,2478.00,2478.00,2442.00,2442.00,2442.00,38,819
20001020,1,14,200108,,2477.00,2478.00,2439.00,2449.00,2449.00,113,511
20001020,1,21,200010,,172.90,172.90,172.40,172.40,172.40,2,642
20001020,1,21,200011,,171.80,173.20,171.80,173.20,173.20,145,856
20001020,1,21,200012,,172.80,173.30,172.10,173.30,173.30,164,1153
20001020,1,21,200101,,172.00,172.30,171.20,171.90,171.90,252,1706
20001020,1,21,200102,,169.70,170.90,169.70,170.20,170.20,635,5152
20001020,1,21,200103,,169.60,170.50,169.60,169.90,169.90,1626,6949
20001020,1,31,200011,,30870.00,30870.00,30690.00,30720.00,30870.00,1613,0
20001020,1,31,200012,,31680.00,31890.00,31610.00,31820.00,31820.00,641,7038
20001020,1,31,200101,,32200.00,32200.00,31860.00,32010.00,32010.00,1210,10780
20001020,1,31,200102,,32010.00,32130.00,31850.00,32060.00,32060.00,4006,19948
20001020,1,31,200103,,31830.00,32180.00,31760.00,32060.00,32060.00,15427,36127
20001020,1,31,200104,,31850.00,32270.00,31720.00,32260.00,32260.00,43229,54819
20001020,1,32,200011,,34800.00,34800.00,34800.00,34800.00,34800.00,709,0
20001020,1,32,200012,,34980.00,35290.00,34730.00,35100.00,35100.00,616,3007
20001020,1,32,200101,,34990.00,35380.00,34980.00,35230.00,35230.00,1134,6258
20001020,1,32,200102,,34850.00,35140.00,34740.00,35050.00,35050.00,4523,17306
20001020,1,32,200103,,33790.00,34200.00,33590.00,34200.00,34200.00,10288,26596
20001020,1,32,200104,,32150.00,32790.00,32130.00,32730.00,32730.00,26797,33210
20001020,1,81,200010,,82.00,83.90,82.00,83.90,83.90,117,3747
20001020,1,81,200011,,84.00,87.10,84.00,87.10,87.10,956,8859
20001020,1,81,200012,,84.00,87.60,84.00,87.60,87.60,1240,21394
20001020,1,81,200101,,84.90,87.50,84.80,87.50,87.50,2421,47139
20001020,1,81,200102,,84.90,87.70,84.50,87.70,87.70,6358,53612
20001020,1,81,200103,,85.60,88.80,85.60,88.80,88.80,16924,68410
20001023,1,11,200010,,955.00,955.00,952.00,954.00,954.00,603,7260
20001023,1,11,200012,,955.00,956.00,953.00,956.00,956.00,283,31087
20001023,1,11,200102,,951.00,954.00,951.00,954.00,954.00,308,37670
20001023,1,11,200104,,951.00,954.00,951.00,953.00,953.00,667,37395
20001023,1,11,200106,,951.00,953.00,950.00,953.00,953.00,3679,61883
20001023,1,11,200108,,949.00,950.00,948.00,950.00,950.00,10154,72598
20001023,1,12,200010,,170.10,171.60,170.00,170.30,170.30,41,304
20001023,1,12,200012,,171.90,172.60,171.80,172.60,172.60,28,1861
20001023,1,12,200102,,171.10,171.60,170.80,171.60,171.60,56,1828
20001023,1,12,200104,,169.20,170.90,169.20,170.90,170.90,96,2880
20001023,1,12,200106,,170.00,171.50,169.10,171.50,171.50,83,3976
20001023,1,12,200108,,168.20,169.90,168.20,169.90,169.90,467,6707
20001023,1,13,200010,,2031.00,2036.00,2020.00,2033.00,2033.00,367,4336
20001023,1,13,200012,,2000.00,2015.00,1996.00,1996.00,1996.00,314,13544
20001023,1,13,200102,,1939.00,1948.00,1939.00,1939.00,1939.00,368,17482
20001023,1,13,200104,,1908.00,1912.00,1898.00,1899.00,1899.00,1541,30351
20001023,1,13,200106,,1870.00,1873.00,1858.00,1860.00,1860.00,3084,60417
20001023,1,13,200108,,1847.00,1853.00,1838.00,1841.00,1841.00,7478,71481
20001023,1,14,200010,,2359.00,2359.00,2359.00,2359.00,2359.00,54,2448
20001023,1,14,200012,,2363.00,2363.00,2363.00,2363.00,2363.00,33,5702
20001023,1,14,200102,,2550.00,2555.00,2550.00,2555.00,2555.00,13,283
20001023,1,14,200104,,2487.00,2487.00,2480.00,2487.00,2487.00,13,361
20001023,1,14,200106,,2443.00,2448.00,2442.00,2448.00,2448.00,20,809
20001023,1,14,200108,,2442.00,2442.00,2426.00,2442.00,2442.00,40,524
20001023,1,21,200010,,172.00,172.90,172.00,172.40,172.40,6,637
20001023,1,21,200011,,172.80,172.80,172.80,172.80,172.80,4,860
20001023,1,21,200012,,171.90,173.10,171.90,173.10,173.10,6,1152
20001023,1,21,200101,,171.90,171.90,171.00,171.70,171.70,40,1686
20001023,1,21,200102,,169.80,170.20,169.10,169.50,169.50,748,5046
20001023,1,21,200103,,169.40,169.90,169.20,169.70,169.70,566,7039
20001023,1,31,200012,,31730.00,31820.00,31400.00,31410.00,31410.00,1107,7168
20001023,1,31,200101,,32170.00,32170.00,31710.00,31720.00,31720.00,966,10593
20001023,1,31,200102,,32180.00,32180.00,31750.00,31830.00,31830.00,2281,19384
20001023,1,31,200103,,32200.00,32210.00,31800.00,31860.00,31860.00,8749,35303
20001023,1,31,200104,,32260.00,32420.00,32010.00,32200.00,32200.00,27476,51401
20001023,1,31,200105,,32500.00,32640.00,32220.00,32270.00,32270.00,22463,10331
20001023,1,32,200012,,35250.00,35300.00,34670.00,35000.00,35000.00,270,2918
20001023,1,32,200101,,35300.00,35390.00,34910.00,35190.00,35190.00,703,6044
20001023,1,32,200102,,35160.00,35180.00,34590.00,34670.00,34670.00,3106,16890
20001023,1,32,200103,,34020.00,34220.00,33800.00,33940.00,33940.00,8066,26230
20001023,1,32,200104,,32860.00,32890.00,32390.00,32540.00,32540.00,14131,31861
20001023,1,32,200105,,31180.00,31480.00,31040.00,31170.00,31170.00,15668,10800
20001023,1,81,200010,,85.70,85.70,85.60,85.70,85.70,146,3622
20001023,1,81,200011,,88.90,89.20,88.80,89.10,89.10,1023,8590
20001023,1,81,200012,,89.80,90.10,89.40,89.40,89.40,1966,21539
20001023,1,81,200101,,89.50,90.20,89.40,89.40,89.40,4194,46992
20001023,1,81,200102,,89.10,89.70,88.60,88.60,88.60,6159,53866
20001023,1,81,200103,,89.30,89.70,88.70,88.70,88.70,15964,69025
20001024,1,11,200010,,944.00,946.00,943.00,943.00,943.00,903,6748
20001024,1,11,200012,,946.00,947.00,943.00,945.00,945.00,301,31019
20001024,1,11,200102,,944.00,945.00,941.00,942.00,942.00,459,37360
20001024,1,11,200104,,943.00,944.00,940.00,940.00,940.00,1308,36830
20001024,1,11,200106,,942.00,943.00,939.00,940.00,940.00,2964,61625
20001024,1,11,200108,,940.00,941.00,937.00,939.00,939.00,10350,73570
20001024,1,12,200010,,169.70,170.70,169.60,169.60,169.60,22,287
20001024,1,12,200012,,170.00,170.00,170.00,170.00,170.00,7,1856
20001024,1,12,200102,,169.50,169.50,169.50,169.50,169.50,60,1828
20001024,1,12,200104,,170.30,170.30,168.70,169.00,169.00,25,2874
20001024,1,12,200106,,168.00,168.30,167.50,168.30,168.30,286,4070
20001024,1,12,200108,,167.00,168.00,166.70,167.10,167.10,1553,7078
20001024,1,13,200010,,2014.00,2029.00,2014.00,2026.00,2026.00,480,4087
20001024,1,13,200012,,1977.00,1993.00,1977.00,1986.00,1986.00,315,13475
20001024,1,13,200102,,1927.00,1938.00,1926.00,1930.00,1930.00,685,17264
20001024,1,13,200104,,1887.00,1894.00,1885.00,1894.00,1894.00,1311,29761
20001024,1,13,200106,,1845.00,1856.00,1845.00,1855.00,1855.00,5461,59819
20001024,1,13,200108,,1827.00,1834.00,1827.00,1834.00,1834.00,11638,71070
20001024,1,14,200010,,2359.00,2359.00,2359.00,2359.00,2359.00,260,2196
20001024,1,14,200012,,2363.00,2363.00,2363.00,2363.00,2363.00,32,5671
20001024,1,14,200102,,2557.00,2557.00,2557.00,2557.00,2557.00,5,279
20001024,1,14,200104,,2500.00,2500.00,2500.00,2500.00,2500.00,1,362
20001024,1,14,200106,,2457.00,2460.00,2447.00,2447.00,2447.00,20,804
20001024,1,14,200108,,2435.00,2450.00,2430.00,2430.00,2430.00,44,549
20001024,1,21,200010,,172.50,172.50,172.00,172.00,172.00,5,632
20001024,1,21,200011,,172.80,172.80,172.80,172.80,172.80,4,856
20001024,1,21,200012,,172.70,172.70,172.70,172.70,172.70,35,1143
20001024,1,21,200101,,172.00,172.20,171.70,172.20,172.20,44,1661
20001024,1,21,200102,,170.30,170.70,169.60,169.90,169.90,819,5245
20001024,1,21,200103,,169.90,170.30,169.50,169.50,169.50,1016,7390
20001024,1,31,200012,,31430.00,31600.00,31390.00,31430.00,31430.00,424,6933
20001024,1,31,200101,,31790.00,31890.00,31600.00,31810.00,31810.00,944,10321
20001024,1,31,200102,,31860.00,31980.00,31710.00,31950.00,31950.00,2005,19001
20001024,1,31,200103,,32080.00,32080.00,31720.00,32000.00,32000.00,5822,34402
20001024,1,31,200104,,32320.00,32330.00,32030.00,32080.00,32080.00,20740,49314
20001024,1,31,200105,,32400.00,32470.00,32220.00,32420.00,32420.00,24589,16127
20001024,1,32,200012,,35140.00,35140.00,34780.00,34930.00,34930.00,485,2798
20001024,1,32,200101,,35300.00,35300.00,34860.00,34890.00,34890.00,509,5933
20001024,1,32,200102,,34750.00,34790.00,34450.00,34500.00,34500.00,3574,16224
20001024,1,32,200103,,34010.00,34070.00,33810.00,33880.00,33880.00,5470,25202
20001024,1,32,200104,,32560.00,32600.00,32250.00,32410.00,32410.00,10919,30662
20001024,1,32,200105,,31270.00,31270.00,30970.00,31210.00,31210.00,7610,12551
20001024,1,81,200010,,85.40,87.30,85.00,87.30,87.30,524,3354
20001024,1,81,200011,,88.60,90.90,88.10,90.90,90.90,1194,8354
20001024,1,81,200012,,88.90,90.40,88.60,90.40,90.40,1501,21456
20001024,1,81,200101,,88.30,90.40,88.30,90.40,90.40,3010,46656
20001024,1,81,200102,,87.80,89.50,87.80,89.50,89.50,4371,54264
20001024,1,81,200103,,87.70,90.00,87.70,90.00,90.00,12973,71178
20001025,1,11,200010,,941.00,943.00,939.00,939.00,939.00,1294,5880
20001025,1,11,200012,,942.00,943.00,940.00,940.00,940.00,598,30957
20001025,1,11,200102,,940.00,942.00,939.00,942.00,942.00,596,37168
20001025,1,11,200104,,939.00,943.00,938.00,943.00,943.00,810,36719
20001025,1,11,200106,,937.00,941.00,937.00,941.00,941.00,3354,61403
20001025,1,11,200108,,936.00,940.00,935.00,938.00,938.00,10464,76125
20001025,1,12,200010,,169.10,169.10,168.00,169.00,169.00,25,268
20001025,1,12,200012,,170.40,170.40,169.70,169.70,169.70,6,1856
20001025,1,12,200102,,169.50,169.50,169.00,169.00,169.00,7,1821
20001025,1,12,200104,,168.90,168.90,168.50,168.90,168.90,42,2834
20001025,1,12,200106,,168.00,168.00,166.80,166.80,166.80,135,4070
20001025,1,12,200108,,166.90,167.00,166.40,166.60,166.60,1230,7487
20001025,1,13,200010,,1995.00,2004.00,1990.00,1990.00,1990.00,1251,3518
20001025,1,13,200012,,1980.00,1982.00,1956.00,1982.00,1982.00,458,13269
20001025,1,13,200102,,1917.00,1923.00,1907.00,1916.00,1916.00,1198,17104
20001025,1,13,200104,,1880.00,1885.00,1866.00,1884.00,1884.00,1923,29622
20001025,1,13,200106,,1842.00,1844.00,1828.00,1839.00,1839.00,7612,59585
20001025,1,13,200108,,1820.00,1825.00,1808.00,1816.00,1816.00,21761,73114
20001025,1,14,200010,,2359.00,2359.00,2359.00,2359.00,2359.00,301,1896
20001025,1,14,200012,,2363.00,2363.00,2363.00,2363.00,2363.00,86,5661
20001025,1,14,200102,,2539.00,2539.00,2539.00,2539.00,2539.00,6,273
20001025,1,14,200104,,2454.00,2462.00,2450.00,2462.00,2462.00,9,356
20001025,1,14,200106,,2400.00,2400.00,2393.00,2400.00,2400.00,14,796
20001025,1,14,200108,,2379.00,2390.00,2366.00,2379.00,2379.00,92,539
20001025,1,21,200010,,170.00,170.00,169.00,169.00,169.00,37,614
20001025,1,21,200011,,170.50,170.50,170.50,170.50,170.50,8,853
20001025,1,21,200012,,170.70,170.70,170.20,170.30,170.30,55,1096
20001025,1,21,200101,,170.50,171.10,169.90,170.30,170.30,203,1633
20001025,1,21,200102,,169.00,169.50,167.90,168.80,168.80,845,5192
20001025,1,21,200103,,168.50,168.80,167.50,168.50,168.50,1920,7554
20001025,1,31,200012,,31360.00,31550.00,31350.00,31550.00,31550.00,475,6621
20001025,1,31,200101,,31790.00,31950.00,31610.00,31850.00,31850.00,663,10105
20001025,1,31,200102,,31750.00,32000.00,31710.00,31960.00,31960.00,1757,18740
20001025,1,31,200103,,31820.00,32050.00,31790.00,32020.00,32020.00,5817,33997
20001025,1,31,200104,,31970.00,32090.00,31880.00,32090.00,32090.00,15113,48276
20001025,1,31,200105,,32220.00,32280.00,32050.00,32200.00,32200.00,22062,19518
20001025,1,32,200012,,34810.00,34980.00,34720.00,34820.00,34820.00,228,2753
20001025,1,32,200101,,34920.00,34980.00,34640.00,34880.00,34880.00,706,5720
20001025,1,32,200102,,34420.00,34680.00,34340.00,34600.00,34600.00,4187,15432
20001025,1,32,200103,,33700.00,33990.00,33600.00,33910.00,33910.00,5269,25643
20001025,1,32,200104,,32270.00,32350.00,32080.00,32300.00,32300.00,11477,30431
20001025,1,32,200105,,31040.00,31180.00,30870.00,30950.00,30950.00,9588,14536
20001025,1,81,200010,,88.50,88.60,88.50,88.60,88.60,2110,0
20001025,1,81,200011,,92.60,92.60,90.50,90.50,90.50,1158,7991
20001025,1,81,200012,,92.00,92.00,87.20,87.20,87.20,2327,21176
20001025,1,81,200101,,91.40,91.40,87.60,87.60,87.60,5266,45992
20001025,1,81,200102,,90.70,90.70,86.90,86.90,86.90,7338,54294
20001025,1,81,200103,,90.30,90.30,87.10,87.10,87.10,14319,72680
20001026,1,11,200010,,930.00,933.00,930.00,933.00,930.00,5153,0
20001026,1,11,200012,,933.00,936.00,931.00,936.00,936.00,749,30688
20001026,1,11,200102,,932.00,935.00,930.00,935.00,935.00,1068,37120
20001026,1,11,200104,,931.00,934.00,931.00,933.00,933.00,1590,36539
20001026,1,11,200106,,931.00,933.00,930.00,931.00,931.00,4322,61231
20001026,1,11,200108,,931.00,931.00,928.00,928.00,928.00,28414,86085
20001026,1,12,200010,,165.40,165.40,165.40,165.40,165.40,235,0
20001026,1,12,200012,,168.90,169.20,168.30,168.30,168.30,11,1855
20001026,1,12,200102,,168.30,168.60,168.10,168.10,168.10,9,1814
20001026,1,12,200104,,167.90,167.90,167.50,167.60,167.60,191,2822
20001026,1,12,200106,,166.50,167.20,166.50,166.70,166.70,127,4077
20001026,1,12,200108,,166.10,166.50,165.50,166.20,166.20,1471,7908
20001026,1,13,200010,,2049.00,2049.00,2017.00,2017.00,2049.00,2033,0
20001026,1,13,200012,,1999.00,1999.00,1976.00,1976.00,1976.00,590,13164
20001026,1,13,200102,,1929.00,1931.00,1920.00,1922.00,1922.00,667,16899
20001026,1,13,200104,,1897.00,1897.00,1883.00,1884.00,1884.00,1456,29418
20001026,1,13,200106,,1853.00,1853.00,1841.00,1843.00,1843.00,3408,58732
20001026,1,13,200108,,1830.00,1830.00,1820.00,1822.00,1822.00,8810,73587
20001026,1,14,200010,,2359.00,2359.00,2359.00,2359.00,2359.00,1896,0
20001026,1,14,200012,,2363.00,2363.00,2363.00,2363.00,2363.00,344,5406
20001026,1,14,200102,,2539.00,2539.00,2539.00,2539.00,2539.00,5,268
20001026,1,14,200104,,2468.00,2468.00,2468.00,2468.00,2468.00,1,357
20001026,1,14,200106,,2413.00,2440.00,2413.00,2434.00,2434.00,8,798
20001026,1,14,200108,,2412.00,2420.00,2390.00,2390.00,2390.00,16,541
20001026,1,21,200010,,165.10,165.60,165.10,165.60,165.10,296,0
20001026,1,21,200011,,170.20,170.20,168.10,168.10,168.10,24,845
20001026,1,21,200012,,169.50,169.50,167.20,167.30,167.30,80,1068
20001026,1,21,200101,,169.50,169.70,167.00,167.50,167.50,270,1582
20001026,1,21,200102,,166.50,167.90,166.50,166.70,166.70,557,5032
20001026,1,21,200103,,167.70,167.70,166.00,166.00,166.00,1602,7658
20001026,1,31,200012,,31490.00,31500.00,30890.00,31010.00,31010.00,354,6449
20001026,1,31,200101,,31830.00,31830.00,31150.00,31200.00,31200.00,1107,9832
20001026,1,31,200102,,31820.00,31910.00,31260.00,31260.00,31260.00,3035,17957
20001026,1,31,200103,,31780.00,31910.00,31320.00,31320.00,31320.00,8245,33581
20001026,1,31,200104,,31910.00,31960.00,31390.00,31390.00,31390.00,24031,47070
20001026,1,31,200105,,32000.00,32050.00,31500.00,31500.00,31500.00,32257,24035
20001026,1,32,200012,,34680.00,34840.00,34120.00,34120.00,34120.00,299,2643
20001026,1,32,200101,,34680.00,34780.00,34180.00,34180.00,34180.00,1052,5173
20001026,1,32,200102,,34410.00,34510.00,33900.00,33900.00,33900.00,6476,14872
20001026,1,32,200103,,33700.00,33800.00,33210.00,33210.00,33210.00,7774,25471
20001026,1,32,200104,,32060.00,32130.00,31600.00,31600.00,31600.00,16432,28911
20001026,1,32,200105,,30730.00,30840.00,30250.00,30250.00,30250.00,14830,16759
20001026,1,81,200011,,88.90,88.90,86.80,88.70,88.70,792,7717
20001026,1,81,200012,,85.80,87.60,84.60,86.90,86.90,1680,20460
20001026,1,81,200101,,86.10,87.50,84.10,86.70,86.70,4066,45000
20001026,1,81,200102,,85.30,87.00,83.80,85.00,85.00,9002,51725
20001026,1,81,200103,,85.70,85.70,85.00,85.60,85.60,16933,69280
20001026,1,81,200104,,84.90,85.20,84.30,85.20,85.20,12203,10364
20001027,1,11,200012,,929.00,931.00,927.00,928.00,928.00,997,30346
20001027,1,11,200102,,929.00,931.00,928.00,931.00,931.00,1431,36626
20001027,1,11,200104,,928.00,931.00,926.00,930.00,930.00,1452,36262
20001027,1,11,200106,,926.00,929.00,925.00,929.00,929.00,3760,61013
20001027,1,11,200108,,924.00,927.00,923.00,927.00,927.00,11700,85340
20001027,1,11,200110,,923.00,930.00,921.00,925.00,925.00,15119,9450
20001027,1,12,200012,,168.30,168.30,167.50,167.50,167.50,14,1846
20001027,1,12,200102,,167.50,168.00,167.10,167.20,167.20,122,1701
20001027,1,12,200104,,166.90,167.40,166.60,166.80,166.80,46,2784
20001027,1,12,200106,,166.70,166.70,165.70,166.00,166.00,208,3925
20001027,1,12,200108,,165.70,165.70,164.50,164.60,164.60,1257,7706
20001027,1,12,200110,,165.00,165.00,163.30,163.70,163.70,2472,2024
20001027,1,13,200012,,1976.00,1987.00,1966.00,1987.00,1987.00,377,12980
20001027,1,13,200102,,1918.00,1937.00,1913.00,1936.00,1936.00,300,16763
20001027,1,13,200104,,1871.00,1891.00,1871.00,1887.00,1887.00,574,29264
20001027,1,13,200106,,1840.00,1851.00,1837.00,1849.00,1849.00,1646,58246
20001027,1,13,200108,,1819.00,1829.00,1815.00,1820.00,1820.00,4280,72363
20001027,1,13,200110,,1806.00,1806.00,1795.00,1802.00,1802.00,4558,2503
20001027,1,14,200012,,2363.00,2363.00,2363.00,2363.00,2363.00,20,5392
20001027,1,14,200102,,2537.00,2538.00,2537.00,2538.00,2538.00,2,268
20001027,1,14,200104,,2469.00,2469.00,2468.00,2468.00,2468.00,2,355
20001027,1,14,200106,,2431.00,2437.00,2424.00,2424.00,2424.00,5,797
20001027,1,14,200108,,2390.00,2423.00,2390.00,2400.00,2400.00,19,540
20001027,1,14,200110,,2351.00,2393.00,2351.00,2390.00,2390.00,11,9
20001027,1,21,200011,,165.10,166.40,165.10,165.80,165.80,44,814
20001027,1,21,200012,,165.00,166.40,165.00,166.00,166.00,130,943
20001027,1,21,200101,,164.80,166.40,164.70,165.90,165.90,662,1430
20001027,1,21,200102,,163.80,165.70,163.80,165.60,165.60,1647,4114
20001027,1,21,200103,,164.50,167.10,164.50,166.60,166.60,2505,6961
20001027,1,21,200104,,165.00,165.80,164.70,165.50,165.50,1238,992
20001027,1,31,200012,,31390.00,31390.00,30500.00,31000.00,31000.00,533,6239
20001027,1,31,200101,,31510.00,31510.00,30830.00,31050.00,31050.00,1274,9494
20001027,1,31,200102,,31540.00,31540.00,30790.00,31090.00,31090.00,3904,17052
20001027,1,31,200103,,31610.00,31610.00,30820.00,31000.00,31000.00,10349,31617
20001027,1,31,200104,,31400.00,31620.00,30900.00,31170.00,31170.00,30688,44197
20001027,1,31,200105,,31400.00,31660.00,30950.00,31200.00,31200.00,41235,26378
20001027,1,32,200012,,34020.00,34440.00,33810.00,34220.00,34220.00,376,2503
20001027,1,32,200101,,34120.00,34600.00,33920.00,34210.00,34210.00,1240,4944
20001027,1,32,200102,,34130.00,34300.00,33480.00,34050.00,34050.00,5991,14512
20001027,1,32,200103,,33450.00,33500.00,32600.00,33100.00,33100.00,13073,25277
20001027,1,32,200104,,31550.00,31740.00,30900.00,31230.00,31230.00,21231,26991
20001027,1,32,200105,,30300.00,30480.00,29630.00,30030.00,30030.00,18270,17854
20001027,1,81,200011,,89.30,89.30,84.30,84.90,84.90,512,7563
20001027,1,81,200012,,87.70,87.70,82.90,84.00,84.00,1282,19774
20001027,1,81,200101,,87.00,87.00,82.40,83.00,83.00,3242,43765
20001027,1,81,200102,,85.60,85.60,80.90,82.40,82.40,7588,49297
20001027,1,81,200103,,86.10,86.10,80.70,82.40,82.40,20049,66185
20001027,1,81,200104,,84.90,84.90,81.20,82.20,82.20,16697,20862
20001030,1,11,200012,,928.00,931.00,927.00,927.00,927.00,716,29726
20001030,1,11,200102,,928.00,931.00,927.00,928.00,928.00,884,36068
20001030,1,11,200104,,930.00,930.00,925.00,926.00,926.00,1674,35940
20001030,1,11,200106,,928.00,928.00,924.00,927.00,927.00,2804,60482
20001030,1,11,200108,,925.00,926.00,923.00,925.00,925.00,8481,84332
20001030,1,11,200110,,922.00,924.00,921.00,921.00,921.00,10591,13130
20001030,1,12,200012,,169.00,171.40,168.30,170.00,170.00,34,1834
20001030,1,12,200102,,168.60,168.60,167.30,167.30,167.30,228,1589
20001030,1,12,200104,,168.00,168.00,167.00,167.90,167.90,126,2858
20001030,1,12,200106,,166.80,169.00,166.80,167.20,167.20,96,3891
20001030,1,12,200108,,165.60,167.60,165.60,166.50,166.50,820,7679
20001030,1,12,200110,,165.10,165.80,164.80,164.80,164.80,808,2596
20001030,1,13,200012,,1984.00,1986.00,1974.00,1979.00,1979.00,186,12857
20001030,1,13,200102,,1943.00,1943.00,1930.00,1942.00,1942.00,535,16507
20001030,1,13,200104,,1884.00,1891.00,1883.00,1891.00,1891.00,1149,29098
20001030,1,13,200106,,1846.00,1853.00,1840.00,1844.00,1844.00,3108,57422
20001030,1,13,200108,,1817.00,1825.00,1814.00,1817.00,1817.00,5499,70907
20001030,1,13,200110,,1802.00,1804.00,1792.00,1799.00,1799.00,5331,4210
20001030,1,14,200012,,2363.00,2363.00,2363.00,2363.00,2363.00,70,5336
20001030,1,14,200102,,2544.00,2544.00,2544.00,2544.00,2544.00,1,268
20001030,1,14,200104,,2468.00,2468.00,2468.00,2468.00,2468.00,1,354
20001030,1,14,200106,,2427.00,2427.00,2427.00,2427.00,2427.00,2,796
20001030,1,14,200108,,2400.00,2412.00,2400.00,2403.00,2403.00,9,536
20001030,1,14,200110,,2391.00,2392.00,2384.00,2384.00,2384.00,16,23
20001030,1,21,200011,,164.30,166.00,164.30,165.20,165.20,88,785
20001030,1,21,200012,,166.50,167.50,166.30,166.80,166.80,62,886
20001030,1,21,200101,,167.40,167.40,166.30,166.30,166.30,170,1367
20001030,1,21,200102,,167.20,167.50,165.70,166.00,166.00,962,3437
20001030,1,21,200103,,167.20,167.50,165.30,165.30,165.30,1634,6305
20001030,1,21,200104,,166.60,166.80,164.60,165.30,165.30,636,1346
20001030,1,31,200012,,30700.00,31190.00,30670.00,31190.00,31190.00,477,5965
20001030,1,31,200101,,30890.00,31090.00,30810.00,31090.00,31090.00,465,9300
20001030,1,31,200102,,31000.00,31170.00,30830.00,31170.00,31170.00,1605,16579
20001030,1,31,200103,,30980.00,31160.00,30730.00,31160.00,31160.00,7017,30790
20001030,1,31,200104,,31100.00,31150.00,30820.00,31000.00,31000.00,19561,42791
20001030,1,31,200105,,31150.00,31250.00,30880.00,31010.00,31010.00,33001,28267
20001030,1,32,200012,,34310.00,34750.00,34100.00,34730.00,34730.00,332,2424
20001030,1,32,200101,,34010.00,34710.00,34000.00,34580.00,34580.00,771,4920
20001030,1,32,200102,,34000.00,34560.00,33800.00,34490.00,34490.00,5071,14289
20001030,1,32,200103,,32970.00,33310.00,32810.00,33270.00,33270.00,6515,24856
20001030,1,32,200104,,30990.00,31150.00,30790.00,31000.00,31000.00,14792,26451
20001030,1,32,200105,,29800.00,30050.00,29630.00,29730.00,29730.00,15364,19612
20001030,1,81,200011,,86.40,87.20,86.00,87.20,87.20,416,7326
20001030,1,81,200012,,84.50,85.50,84.50,85.50,85.50,669,19477
20001030,1,81,200101,,83.10,84.30,83.10,84.30,84.30,2674,42821
20001030,1,81,200102,,82.10,83.60,82.10,83.60,83.60,4738,47892
20001030,1,81,200103,,83.50,83.90,83.10,83.90,83.90,11636,65334
20001030,1,81,200104,,83.00,83.20,82.30,82.90,82.90,10957,23385
20001031,1,11,200012,,927.00,930.00,927.00,927.00,927.00,569,29518
20001031,1,11,200102,,929.00,931.00,927.00,928.00,928.00,786,36080
20001031,1,11,200104,,928.00,931.00,926.00,927.00,927.00,1571,35643
20001031,1,11,200106,,928.00,929.00,923.00,925.00,925.00,3151,60262
20001031,1,11,200108,,924.00,927.00,921.00,921.00,921.00,7149,83976
20001031,1,11,200110,,923.00,925.00,919.00,919.00,919.00,14740,19661
20001031,1,12,200012,,168.30,170.20,168.30,170.20,170.20,30,1812
20001031,1,12,200102,,169.20,169.20,168.40,169.10,169.10,154,1509
20001031,1,12,200104,,168.10,168.30,167.70,168.30,168.30,124,2796
20001031,1,12,200106,,167.80,168.70,167.10,167.30,167.30,88,3863
20001031,1,12,200108,,167.40,167.40,166.40,166.70,166.70,437,7634
20001031,1,12,200110,,166.60,166.60,165.50,165.70,165.70,807,3163
20001031,1,13,200012,,1979.00,1996.00,1976.00,1996.00,1996.00,275,12717
20001031,1,13,200102,,1945.00,1948.00,1941.00,1948.00,1948.00,791,16523
20001031,1,13,200104,,1895.00,1896.00,1887.00,1895.00,1895.00,1123,29045
20001031,1,13,200106,,1854.00,1854.00,1846.00,1851.00,1851.00,2352,56607
20001031,1,13,200108,,1825.00,1828.00,1821.00,1823.00,1823.00,5285,69977
20001031,1,13,200110,,1802.00,1806.00,1800.00,1801.00,1801.00,5453,5598
20001031,1,14,200012,,2363.00,2363.00,2363.00,2363.00,2363.00,87,5250
20001031,1,14,200102,,2544.00,2544.00,2544.00,2544.00,2544.00,5,263
20001031,1,14,200104,,2465.00,2465.00,2464.00,2464.00,2464.00,6,348
20001031,1,14,200106,,2400.00,2430.00,2400.00,2430.00,2430.00,16,783
20001031,1,14,200108,,2391.00,2420.00,2391.00,2420.00,2420.00,15,531
20001031,1,14,200110,,2375.00,2392.00,2375.00,2392.00,2392.00,12,34
20001031,1,21,200011,,165.00,167.40,165.00,167.40,167.40,34,763
20001031,1,21,200012,,166.80,168.50,166.80,168.50,168.50,51,865
20001031,1,21,200101,,166.90,168.40,166.90,167.80,167.80,97,1397
20001031,1,21,200102,,167.00,168.20,167.00,168.20,168.20,121,3394
20001031,1,21,200103,,167.10,168.10,167.10,168.00,168.00,1038,6080
20001031,1,21,200104,,168.00,168.00,166.20,167.80,167.80,562,1601
20001031,1,31,200012,,31120.00,31390.00,31000.00,31020.00,31020.00,370,5710
20001031,1,31,200101,,31230.00,31290.00,30930.00,30930.00,30930.00,1091,9059
20001031,1,31,200102,,31370.00,31370.00,30860.00,31000.00,31000.00,2508,16119
20001031,1,31,200103,,31270.00,31330.00,30850.00,30850.00,30850.00,6007,30183
20001031,1,31,200104,,31180.00,31280.00,30800.00,30800.00,30800.00,14634,40827
20001031,1,31,200105,,31180.00,31280.00,30810.00,30810.00,30810.00,33591,31237
20001031,1,32,200012,,34710.00,34830.00,34070.00,34100.00,34100.00,531,2373
20001031,1,32,200101,,34700.00,34900.00,34200.00,34290.00,34290.00,918,4866
20001031,1,32,200102,,34710.00,34800.00,34300.00,34300.00,34300.00,4988,14508
20001031,1,32,200103,,33420.00,33500.00,32850.00,32850.00,32850.00,7976,24822
20001031,1,32,200104,,31030.00,31100.00,30590.00,30600.00,30600.00,14817,26371
20001031,1,32,200105,,29920.00,29930.00,29250.00,29340.00,29340.00,19179,20851
20001031,1,81,200011,,88.00,88.30,86.70,86.70,86.70,631,7205
20001031,1,81,200012,,87.00,87.00,85.00,85.00,85.00,1276,18840
20001031,1,81,200101,,84.80,85.10,84.10,84.10,84.10,1963,42267
20001031,1,81,200102,,83.70,84.10,82.30,82.30,82.30,4956,47151
20001031,1,81,200103,,84.00,84.10,83.10,83.10,83.10,7998,65390
20001031,1,81,200104,,83.40,83.80,82.60,82.60,82.60,11493,26740
