20010801,1,11,200108,,1074.00,1075.00,1070.00,1071.00,1071.00,1498,6858
20010801,1,11,200110,,1071.00,1074.00,1069.00,1070.00,1070.00,532,12970
20010801,1,11,200112,,1068.00,1072.00,1067.00,1069.00,1069.00,415,17140
20010801,1,11,200202,,1064.00,1069.00,1064.00,1066.00,1066.00,1932,27198
20010801,1,11,200204,,1062.00,1067.00,1062.00,1064.00,1064.00,7509,71331
20010801,1,11,200206,,1061.00,1065.00,1060.00,1062.00,1062.00,14891,59397
20010801,1,12,200108,,167.50,167.80,167.20,167.20,167.20,16,388
20010801,1,12,200110,,168.90,168.90,168.40,168.40,168.40,4,485
20010801,1,12,200112,,168.50,168.60,167.80,167.80,167.80,12,1331
20010801,1,12,200202,,167.90,168.60,167.90,168.00,168.00,20,1436
20010801,1,12,200204,,168.70,169.30,168.10,168.70,168.70,227,5128
20010801,1,12,200206,,168.40,168.80,168.00,168.50,168.50,512,6453
20010801,1,13,200108,,1916.00,1936.00,1896.00,1896.00,1896.00,2344,4574
20010801,1,13,200110,,1909.00,1920.00,1880.00,1880.00,1880.00,2415,13481
20010801,1,13,200112,,1871.00,1885.00,1845.00,1845.00,1845.00,5411,25813
20010801,1,13,200202,,1849.00,1859.00,1812.00,1815.00,1815.00,10792,32766
20010801,1,13,200204,,1815.00,1824.00,1779.00,1782.00,1782.00,45200,68332
20010801,1,13,200206,,1801.00,1809.00,1751.00,1751.00,1751.00,98923,91697
20010801,1,14,200108,,1794.00,1814.00,1794.00,1814.00,1814.00,23,108
20010801,1,14,200110,,1775.00,1775.00,1775.00,1775.00,1775.00,2,241
20010801,1,14,200112,,1744.00,1744.00,1744.00,1744.00,1744.00,29,508
20010801,1,14,200202,,1748.00,1748.00,1748.00,1748.00,1748.00,27,624
20010801,1,14,200204,,1734.00,1734.00,1734.00,1734.00,1734.00,34,859
20010801,1,14,200206,,1717.00,1717.00,1717.00,1717.00,1717.00,231,1337
20010801,1,21,200108,,177.10,178.80,176.80,176.80,176.80,49,604
20010801,1,21,200109,,178.80,178.80,178.20,178.20,178.20,10,670
20010801,1,21,200110,,179.50,180.00,179.10,179.70,179.70,117,2556
20010801,1,21,200111,,179.80,180.20,179.60,179.70,179.70,71,1719
20010801,1,21,200112,,180.40,180.70,179.80,180.10,180.10,483,3284
20010801,1,21,200201,,180.20,180.80,180.00,180.40,180.40,778,1814
20010801,1,31,200109,,27100.00,27310.00,27100.00,27250.00,27250.00,609,6420
20010801,1,31,200110,,26500.00,26750.00,26430.00,26750.00,26750.00,445,10470
20010801,1,31,200111,,26100.00,26280.00,26080.00,26230.00,26230.00,929,17215
20010801,1,31,200112,,25920.00,26110.00,25910.00,26030.00,26030.00,4468,42199
20010801,1,31,200201,,25580.00,25860.00,25580.00,25850.00,25850.00,13003,39069
20010801,1,31,200202,,25620.00,25820.00,25580.00,25820.00,25820.00,23704,26822
20010801,1,32,200109,,27450.00,27450.00,27270.00,27300.00,27300.00,666,5464
20010801,1,32,200110,,28590.00,28680.00,28510.00,28610.00,28610.00,731,9268
20010801,1,32,200111,,29580.00,29580.00,29400.00,29450.00,29450.00,492,12018
20010801,1,32,200112,,29830.00,29940.00,29750.00,29850.00,29850.00,2939,25103
20010801,1,32,200201,,29550.00,29640.00,29510.00,29550.00,29550.00,4134,29474
20010801,1,32,200202,,28840.00,28880.00,28690.00,28690.00,28690.00,10415,17137
20010801,1,81,200108,,75.20,75.20,74.50,74.50,74.50,220,3959
20010801,1,81,200109,,77.00,77.20,76.00,76.00,76.00,754,9424
20010801,1,81,200110,,77.60,77.80,76.70,76.70,76.70,506,17123
20010801,1,81,200111,,77.60,77.80,77.00,77.00,77.00,1475,27318
20010801,1,81,200112,,77.60,77.90,77.10,77.10,77.10,1833,25617
20010801,1,81,200201,,77.90,77.90,76.90,76.90,76.90,3718,10671
20010802,1,11,200108,,1070.00,1075.00,1069.00,1074.00,1074.00,342,6686
20010802,1,11,200110,,1068.00,1072.00,1068.00,1072.00,1072.00,126,12938
20010802,1,11,200112,,1068.00,1071.00,1068.00,1070.00,1070.00,285,16978
20010802,1,11,200202,,1064.00,1068.00,1064.00,1068.00,1068.00,957,27142
20010802,1,11,200204,,1063.00,1067.00,1063.00,1067.00,1067.00,4925,70401
20010802,1,11,200206,,1061.00,1065.00,1061.00,1065.00,1065.00,14302,60847
20010802,1,12,200108,,167.10,167.10,167.10,167.10,167.10,7,388
20010802,1,12,200110,,168.40,168.40,168.40,168.40,168.40,10,475
20010802,1,12,200112,,167.70,168.20,166.00,168.20,168.20,21,1314
20010802,1,12,200202,,168.00,168.30,168.00,168.30,168.30,22,1422
20010802,1,12,200204,,168.20,168.50,168.20,168.40,168.40,27,5107
20010802,1,12,200206,,168.40,168.50,168.00,168.50,168.50,561,6571
20010802,1,13,200108,,1898.00,1916.00,1879.00,1882.00,1882.00,647,4142
20010802,1,13,200110,,1890.00,1899.00,1851.00,1851.00,1851.00,1077,13152
20010802,1,13,200112,,1864.00,1867.00,1816.00,1816.00,1816.00,2443,25215
20010802,1,13,200202,,1832.00,1838.00,1783.00,1790.00,1790.00,7264,32945
20010802,1,13,200204,,1790.00,1800.00,1755.00,1759.00,1759.00,29809,67499
20010802,1,13,200206,,1762.00,1776.00,1732.00,1733.00,1733.00,80308,97872
20010802,1,14,200108,,1848.00,1851.00,1818.00,1818.00,1818.00,10,105
20010802,1,14,200110,,1831.00,1831.00,1821.00,1821.00,1821.00,4,240
20010802,1,14,200112,,1795.00,1816.00,1795.00,1804.00,1804.00,41,500
20010802,1,14,200202,,1800.00,1810.00,1796.00,1799.00,1799.00,24,636
20010802,1,14,200204,,1790.00,1808.00,1785.00,1785.00,1785.00,114,864
20010802,1,14,200206,,1797.00,1797.00,1765.00,1765.00,1765.00,573,1370
20010802,1,21,200108,,177.30,177.80,175.00,175.90,175.90,48,573
20010802,1,21,200109,,178.40,178.40,177.70,177.70,177.70,6,670
20010802,1,21,200110,,178.40,179.30,178.40,179.00,179.00,42,2542
20010802,1,21,200111,,178.90,179.60,178.80,179.60,179.60,96,1695
20010802,1,21,200112,,179.00,180.10,179.00,180.10,180.10,261,3242
20010802,1,21,200201,,179.40,180.40,179.20,180.40,180.40,1254,2494
20010802,1,31,200109,,27290.00,27300.00,27200.00,27220.00,27220.00,406,6150
20010802,1,31,200110,,26720.00,26750.00,26620.00,26750.00,26750.00,296,10328
20010802,1,31,200111,,26200.00,26260.00,26050.00,26170.00,26170.00,775,17058
20010802,1,31,200112,,26030.00,26030.00,25870.00,25920.00,25920.00,3287,41763
20010802,1,31,200201,,25810.00,25810.00,25630.00,25780.00,25780.00,10463,39315
20010802,1,31,200202,,25710.00,25730.00,25570.00,25700.00,25700.00,20802,29762
20010802,1,32,200109,,27320.00,27380.00,27220.00,27300.00,27300.00,482,5322
20010802,1,32,200110,,28670.00,28670.00,28450.00,28450.00,28450.00,458,9112
20010802,1,32,200111,,29480.00,29540.00,29330.00,29410.00,29410.00,708,11803
20010802,1,32,200112,,29840.00,29910.00,29690.00,29800.00,29800.00,1911,24830
20010802,1,32,200201,,29560.00,29600.00,29400.00,29600.00,29600.00,4353,29665
20010802,1,32,200202,,28700.00,28780.00,28630.00,28750.00,28750.00,8525,17258
20010802,1,81,200108,,73.70,73.70,73.50,73.70,73.70,403,3672
20010802,1,81,200109,,74.90,75.30,74.80,75.30,75.30,917,8818
20010802,1,81,200110,,76.00,76.20,75.90,76.20,76.20,1374,16601
20010802,1,81,200111,,76.30,76.60,76.20,76.60,76.60,3968,26247
20010802,1,81,200112,,76.20,76.90,76.20,76.80,76.80,3991,25429
20010802,1,81,200201,,76.40,76.90,76.40,76.80,76.80,6414,13181
20010803,1,11,200108,,1068.00,1070.00,1067.00,1070.00,1070.00,215,6518
20010803,1,11,200110,,1065.00,1068.00,1065.00,1068.00,1068.00,125,12875
20010803,1,11,200112,,1065.00,1067.00,1063.00,1067.00,1067.00,288,16835
20010803,1,11,200202,,1062.00,1064.00,1060.00,1062.00,1062.00,2043,26903
20010803,1,11,200204,,1059.00,1062.00,1058.00,1060.00,1060.00,5872,70408
20010803,1,11,200206,,1058.00,1060.00,1056.00,1058.00,1058.00,13638,61108
20010803,1,12,200108,,166.50,167.00,166.50,167.00,167.00,2,388
20010803,1,12,200110,,168.70,168.70,168.40,168.40,168.40,4,474
20010803,1,12,200112,,167.40,168.20,167.40,168.20,168.20,22,1314
20010803,1,12,200202,,168.20,168.20,167.50,168.00,168.00,30,1417
20010803,1,12,200204,,167.60,167.90,167.60,167.90,167.90,100,5025
20010803,1,12,200206,,167.40,168.00,167.30,167.40,167.40,1090,6812
20010803,1,13,200108,,1935.00,1951.00,1909.00,1924.00,1924.00,519,3994
20010803,1,13,200110,,1881.00,1918.00,1881.00,1898.00,1898.00,924,12865
20010803,1,13,200112,,1850.00,1884.00,1850.00,1864.00,1864.00,3083,24924
20010803,1,13,200202,,1821.00,1850.00,1821.00,1847.00,1847.00,5013,32333
20010803,1,13,200204,,1795.00,1819.00,1790.00,1812.00,1812.00,26011,69565
20010803,1,13,200206,,1770.00,1795.00,1767.00,1791.00,1791.00,60585,104765
20010803,1,14,200108,,1865.00,1934.00,1865.00,1920.00,1920.00,10,108
20010803,1,14,200110,,1941.00,1941.00,1917.00,1917.00,1917.00,5,240
20010803,1,14,200112,,1872.00,1924.00,1872.00,1914.00,1914.00,52,497
20010803,1,14,200202,,1903.00,1919.00,1903.00,1910.00,1910.00,67,658
20010803,1,14,200204,,1862.00,1905.00,1862.00,1890.00,1890.00,173,818
20010803,1,14,200206,,1850.00,1885.00,1850.00,1869.00,1869.00,728,1386
20010803,1,21,200108,,174.60,176.50,174.60,174.70,174.70,47,532
20010803,1,21,200109,,177.70,177.70,175.90,175.90,175.90,22,660
20010803,1,21,200110,,177.00,178.00,176.70,177.40,177.40,149,2482
20010803,1,21,200111,,178.20,178.40,177.20,177.20,177.20,268,1832
20010803,1,21,200112,,179.00,179.00,178.20,178.20,178.20,603,3152
20010803,1,21,200201,,179.00,179.00,178.40,178.40,178.40,1762,2432
20010803,1,31,200109,,27410.00,27500.00,27260.00,27260.00,27260.00,268,5967
20010803,1,31,200110,,26940.00,27100.00,26750.00,26840.00,26840.00,637,10022
20010803,1,31,200111,,26350.00,26630.00,26280.00,26440.00,26440.00,1390,16848
20010803,1,31,200112,,26250.00,26400.00,26070.00,26200.00,26200.00,6144,41017
20010803,1,31,200201,,26100.00,26220.00,25850.00,25910.00,25910.00,23675,38947
20010803,1,31,200202,,26100.00,26170.00,25760.00,25870.00,25870.00,51232,35097
20010803,1,32,200109,,27500.00,27630.00,27390.00,27510.00,27510.00,401,5113
20010803,1,32,200110,,28740.00,28740.00,28510.00,28510.00,28510.00,465,9021
20010803,1,32,200111,,29780.00,29800.00,29500.00,29530.00,29530.00,725,11671
20010803,1,32,200112,,30000.00,30080.00,29850.00,29920.00,29920.00,2632,24598
20010803,1,32,200201,,29890.00,29900.00,29630.00,29630.00,29630.00,6569,29277
20010803,1,32,200202,,29080.00,29150.00,28980.00,29050.00,29050.00,12621,18983
20010803,1,81,200108,,73.30,73.50,73.20,73.40,73.40,225,3529
20010803,1,81,200109,,74.40,75.40,74.40,75.20,75.20,1932,7826
20010803,1,81,200110,,75.10,76.80,75.10,76.50,76.50,3178,15476
20010803,1,81,200111,,75.20,76.80,75.20,76.80,76.80,3182,24579
20010803,1,81,200112,,75.80,76.80,75.80,76.80,76.80,4987,24021
20010803,1,81,200201,,76.00,77.40,76.00,77.20,77.20,3913,14948
20010806,1,11,200108,,1071.00,1073.00,1069.00,1073.00,1073.00,125,6423
20010806,1,11,200110,,1068.00,1071.00,1067.00,1070.00,1070.00,88,12851
20010806,1,11,200112,,1067.00,1069.00,1065.00,1068.00,1068.00,151,16777
20010806,1,11,200202,,1064.00,1066.00,1061.00,1064.00,1064.00,1804,26587
20010806,1,11,200204,,1061.00,1064.00,1060.00,1062.00,1062.00,4971,70419
20010806,1,11,200206,,1060.00,1062.00,1058.00,1060.00,1060.00,9167,61362
20010806,1,12,200108,,167.00,167.00,167.00,167.00,167.00,2,388
20010806,1,12,200110,,168.10,168.10,168.10,168.10,168.10,1,474
20010806,1,12,200112,,167.50,168.00,167.50,168.00,168.00,53,1312
20010806,1,12,200202,,168.00,168.20,167.40,168.20,168.20,28,1424
20010806,1,12,200204,,167.30,168.20,167.30,167.90,167.90,51,5002
20010806,1,12,200206,,167.70,168.00,167.50,168.00,168.00,1090,6880
20010806,1,13,200108,,1915.00,1924.00,1897.00,1905.00,1905.00,310,3819
20010806,1,13,200110,,1884.00,1898.00,1871.00,1871.00,1871.00,532,12728
20010806,1,13,200112,,1862.00,1868.00,1840.00,1840.00,1840.00,1714,24743
20010806,1,13,200202,,1825.00,1839.00,1810.00,1811.00,1811.00,2850,32302
20010806,1,13,200204,,1806.00,1810.00,1780.00,1780.00,1780.00,20002,68893
20010806,1,13,200206,,1778.00,1786.00,1756.00,1759.00,1759.00,42873,106000
20010806,1,14,200108,,1928.00,1928.00,1928.00,1928.00,1928.00,2,106
20010806,1,14,200110,,1892.00,1892.00,1892.00,1892.00,1892.00,1,240
20010806,1,14,200112,,1923.00,1923.00,1864.00,1864.00,1864.00,29,508
20010806,1,14,200202,,1919.00,1922.00,1860.00,1860.00,1860.00,28,653
20010806,1,14,200204,,1899.00,1910.00,1838.00,1847.00,1847.00,87,821
20010806,1,14,200206,,1855.00,1880.00,1818.00,1838.00,1838.00,418,1462
20010806,1,21,200108,,174.70,175.40,174.70,175.40,175.40,17,523
20010806,1,21,200109,,175.70,176.40,175.30,176.20,176.20,34,635
20010806,1,21,200110,,177.00,177.60,176.50,177.60,177.60,117,2449
20010806,1,21,200111,,177.90,179.30,177.30,178.40,178.40,190,1778
20010806,1,21,200112,,178.30,179.20,178.10,178.50,178.50,292,3074
20010806,1,21,200201,,178.60,179.50,178.60,179.50,179.50,791,2546
20010806,1,31,200109,,27290.00,27290.00,27100.00,27260.00,27260.00,272,5844
20010806,1,31,200110,,26810.00,26930.00,26730.00,26860.00,26860.00,536,9829
20010806,1,31,200111,,26380.00,26540.00,26350.00,26540.00,26540.00,1084,16805
20010806,1,31,200112,,26170.00,26300.00,26110.00,26300.00,26300.00,3198,41149
20010806,1,31,200201,,25910.00,26010.00,25830.00,25960.00,25960.00,10140,39640
20010806,1,31,200202,,25880.00,25950.00,25740.00,25930.00,25930.00,24052,38070
20010806,1,32,200109,,27590.00,27700.00,27560.00,27630.00,27630.00,410,4949
20010806,1,32,200110,,28510.00,28580.00,28450.00,28530.00,28530.00,904,8305
20010806,1,32,200111,,29460.00,29670.00,29460.00,29580.00,29580.00,415,11449
20010806,1,32,200112,,29860.00,30050.00,29860.00,30030.00,30030.00,1904,24266
20010806,1,32,200201,,29630.00,29820.00,29630.00,29820.00,29820.00,3507,28714
20010806,1,32,200202,,29090.00,29280.00,29050.00,29280.00,29280.00,10209,19638
20010806,1,81,200108,,73.90,75.20,73.90,75.00,75.00,136,3449
20010806,1,81,200109,,76.40,77.00,76.00,77.00,77.00,221,7718
20010806,1,81,200110,,77.10,78.10,77.10,78.10,78.10,959,14863
20010806,1,81,200111,,77.30,78.30,77.30,78.20,78.20,1025,24298
20010806,1,81,200112,,77.50,78.40,77.40,78.40,78.40,1594,23829
20010806,1,81,200201,,77.50,78.50,77.50,78.50,78.50,3763,15611
20010807,1,11,200108,,1066.00,1068.00,1061.00,1063.00,1063.00,616,6134
20010807,1,11,200110,,1066.00,1066.00,1061.00,1061.00,1061.00,176,12777
20010807,1,11,200112,,1064.00,1065.00,1060.00,1061.00,1061.00,269,16618
20010807,1,11,200202,,1062.00,1062.00,1056.00,1056.00,1056.00,1339,26334
20010807,1,11,200204,,1059.00,1060.00,1054.00,1054.00,1054.00,4982,68816
20010807,1,11,200206,,1057.00,1058.00,1052.00,1052.00,1052.00,15012,62076
20010807,1,12,200108,,166.70,166.70,166.10,166.10,166.10,18,377
20010807,1,12,200110,,166.60,167.40,166.60,166.60,166.60,46,472
20010807,1,12,200112,,166.60,167.60,165.50,166.30,166.30,42,1293
20010807,1,12,200202,,167.20,167.20,166.10,166.10,166.10,50,1412
20010807,1,12,200204,,166.70,166.70,164.50,166.00,166.00,197,4959
20010807,1,12,200206,,166.80,166.80,164.40,165.50,165.50,1509,7234
20010807,1,13,200108,,1859.00,1864.00,1776.00,1793.00,1793.00,907,3404
20010807,1,13,200110,,1815.00,1834.00,1791.00,1791.00,1791.00,2060,11967
20010807,1,13,200112,,1778.00,1806.00,1760.00,1760.00,1760.00,3737,24099
20010807,1,13,200202,,1765.00,1771.00,1731.00,1731.00,1731.00,4949,31978
20010807,1,13,200204,,1744.00,1748.00,1700.00,1700.00,1700.00,35880,70852
20010807,1,13,200206,,1723.00,1724.00,1679.00,1679.00,1679.00,78489,106015
20010807,1,14,200108,,1882.00,1882.00,1766.00,1766.00,1766.00,6,101
20010807,1,14,200110,,1776.00,1776.00,1776.00,1776.00,1776.00,1,241
20010807,1,14,200112,,1813.00,1818.00,1750.00,1756.00,1756.00,37,500
20010807,1,14,200202,,1782.00,1788.00,1740.00,1744.00,1744.00,47,643
20010807,1,14,200204,,1785.00,1790.00,1728.00,1729.00,1729.00,143,852
20010807,1,14,200206,,1750.00,1772.00,1718.00,1718.00,1718.00,575,1496
20010807,1,21,200108,,174.40,174.40,173.40,174.20,174.20,14,513
20010807,1,21,200109,,175.30,175.30,173.20,174.10,174.10,86,564
20010807,1,21,200110,,176.50,176.50,174.10,175.20,175.20,212,2347
20010807,1,21,200111,,177.10,177.10,175.10,175.10,175.10,300,1692
20010807,1,21,200112,,176.10,177.00,175.80,175.90,175.90,981,2902
20010807,1,21,200201,,176.90,177.60,176.40,176.40,176.40,2433,3243
20010807,1,31,200109,,27210.00,27340.00,27210.00,27290.00,27290.00,401,5546
20010807,1,31,200110,,26820.00,26970.00,26810.00,26820.00,26820.00,460,9633
20010807,1,31,200111,,26550.00,26620.00,26420.00,26520.00,26520.00,840,16478
20010807,1,31,200112,,26340.00,26350.00,26170.00,26270.00,26270.00,3641,40666
20010807,1,31,200201,,26020.00,26040.00,25860.00,26010.00,26010.00,14321,39197
20010807,1,31,200202,,25950.00,25970.00,25800.00,25970.00,25970.00,29630,40127
20010807,1,32,200109,,27830.00,27970.00,27710.00,27960.00,27960.00,499,4707
20010807,1,32,200110,,28670.00,28930.00,28570.00,28900.00,28900.00,342,8146
20010807,1,32,200111,,29630.00,29950.00,29600.00,29850.00,29850.00,847,11420
20010807,1,32,200112,,30040.00,30450.00,30000.00,30430.00,30430.00,3170,23758
20010807,1,32,200201,,29920.00,30280.00,29890.00,30280.00,30280.00,7672,28396
20010807,1,32,200202,,29350.00,29710.00,29330.00,29710.00,29710.00,19905,20110
20010807,1,81,200108,,75.50,75.60,74.90,75.60,75.60,150,3392
20010807,1,81,200109,,77.40,77.50,77.20,77.50,77.50,289,7686
20010807,1,81,200110,,78.00,78.00,77.70,78.00,78.00,467,14740
20010807,1,81,200111,,78.00,78.00,77.50,78.00,78.00,1022,24116
20010807,1,81,200112,,78.00,78.00,77.80,77.90,77.90,1385,23645
20010807,1,81,200201,,78.10,78.10,77.60,78.00,78.00,3167,17177
20010808,1,11,200108,,1061.00,1064.00,1060.00,1063.00,1063.00,115,6060
20010808,1,11,200110,,1062.00,1063.00,1059.00,1060.00,1060.00,228,12607
20010808,1,11,200112,,1060.00,1061.00,1058.00,1059.00,1059.00,353,16464
20010808,1,11,200202,,1057.00,1058.00,1055.00,1058.00,1058.00,1795,25377
20010808,1,11,200204,,1055.00,1056.00,1053.00,1055.00,1055.00,6730,67502
20010808,1,11,200206,,1052.00,1054.00,1051.00,1054.00,1054.00,13984,61331
20010808,1,12,200108,,164.90,165.00,164.90,165.00,165.00,27,353
20010808,1,12,200110,,165.30,165.30,164.80,165.20,165.20,16,464
20010808,1,12,200112,,165.30,165.40,163.80,165.40,165.40,185,1199
20010808,1,12,200202,,164.70,164.70,163.60,164.50,164.50,161,1290
20010808,1,12,200204,,165.00,165.00,163.80,163.80,163.80,395,4675
20010808,1,12,200206,,164.20,164.40,163.70,163.80,163.80,2680,7598
20010808,1,13,200108,,1739.00,1768.00,1733.00,1735.00,1735.00,733,3090
20010808,1,13,200110,,1712.00,1755.00,1712.00,1744.00,1744.00,1412,11283
20010808,1,13,200112,,1688.00,1736.00,1683.00,1700.00,1700.00,6878,21748
20010808,1,13,200202,,1652.00,1703.00,1652.00,1677.00,1677.00,16133,31966
20010808,1,13,200204,,1630.00,1674.00,1623.00,1646.00,1646.00,65397,71937
20010808,1,13,200206,,1609.00,1654.00,1602.00,1630.00,1630.00,154579,116297
20010808,1,14,200108,,1710.00,1721.00,1704.00,1721.00,1721.00,9,99
20010808,1,14,200110,,1691.00,1721.00,1691.00,1721.00,1721.00,6,238
20010808,1,14,200112,,1679.00,1717.00,1670.00,1713.00,1713.00,21,491
20010808,1,14,200202,,1666.00,1700.00,1644.00,1700.00,1700.00,33,629
20010808,1,14,200204,,1660.00,1705.00,1639.00,1705.00,1705.00,130,843
20010808,1,14,200206,,1650.00,1710.00,1618.00,1704.00,1704.00,708,1526
20010808,1,21,200108,,173.80,173.80,171.50,172.00,172.00,29,502
20010808,1,21,200109,,174.10,174.10,172.50,172.60,172.60,40,551
20010808,1,21,200110,,173.80,174.30,173.40,173.40,173.40,327,2330
20010808,1,21,200111,,174.30,175.20,174.30,174.50,174.50,172,1655
20010808,1,21,200112,,175.70,176.10,175.40,175.50,175.50,543,2705
20010808,1,21,200201,,176.10,176.40,175.70,175.90,175.90,2248,4073
20010808,1,31,200109,,27380.00,27400.00,27120.00,27250.00,27250.00,317,5340
20010808,1,31,200110,,26920.00,26980.00,26790.00,26830.00,26830.00,410,9564
20010808,1,31,200111,,26640.00,26680.00,26470.00,26590.00,26590.00,886,16324
20010808,1,31,200112,,26450.00,26460.00,26220.00,26340.00,26340.00,3308,40269
20010808,1,31,200201,,26160.00,26190.00,26000.00,26070.00,26070.00,11508,39269
20010808,1,31,200202,,26070.00,26100.00,25960.00,26050.00,26050.00,25529,41902
20010808,1,32,200109,,28070.00,28110.00,27820.00,27870.00,27870.00,493,4511
20010808,1,32,200110,,29070.00,29100.00,28710.00,28860.00,28860.00,599,7857
20010808,1,32,200111,,30060.00,30110.00,29900.00,30060.00,30060.00,927,11246
20010808,1,32,200112,,30690.00,30750.00,30390.00,30510.00,30510.00,3612,23271
20010808,1,32,200201,,30570.00,30580.00,30270.00,30510.00,30510.00,10165,27249
20010808,1,32,200202,,29970.00,29970.00,29580.00,29770.00,29770.00,18429,22110
20010808,1,81,200108,,75.60,76.40,75.60,76.10,76.10,118,3322
20010808,1,81,200109,,77.50,77.90,77.30,77.30,77.30,271,7548
20010808,1,81,200110,,77.90,78.30,77.50,77.50,77.50,308,14707
20010808,1,81,200111,,78.00,78.50,77.80,77.80,77.80,712,23952
20010808,1,81,200112,,78.10,78.40,77.70,77.70,77.70,1040,23512
20010808,1,81,200201,,78.20,78.60,77.70,77.70,77.70,2272,17682
20010809,1,11,200108,,1065.00,1073.00,1065.00,1071.00,1071.00,177,5959
20010809,1,11,200110,,1065.00,1071.00,1063.00,1070.00,1070.00,186,12480
20010809,1,11,200112,,1063.00,1070.00,1062.00,1068.00,1068.00,219,16353
20010809,1,11,200202,,1061.00,1068.00,1060.00,1066.00,1066.00,1405,24913
20010809,1,11,200204,,1060.00,1067.00,1058.00,1064.00,1064.00,6313,66615
20010809,1,11,200206,,1058.00,1066.00,1056.00,1062.00,1062.00,15740,62733
20010809,1,12,200108,,164.90,164.90,164.20,164.20,164.20,20,339
20010809,1,12,200110,,165.20,165.30,165.10,165.10,165.10,16,462
20010809,1,12,200112,,164.20,164.30,163.80,163.80,163.80,23,1187
20010809,1,12,200202,,163.50,164.20,163.40,163.70,163.70,41,1249
20010809,1,12,200204,,163.50,164.00,163.30,163.70,163.70,433,4367
20010809,1,12,200206,,163.70,164.20,163.10,163.40,163.40,1901,7716
20010809,1,13,200108,,1755.00,1773.00,1731.00,1733.00,1733.00,152,3068
20010809,1,13,200110,,1749.00,1768.00,1716.00,1719.00,1719.00,617,11130
20010809,1,13,200112,,1723.00,1738.00,1680.00,1680.00,1680.00,2603,21461
20010809,1,13,200202,,1694.00,1710.00,1648.00,1648.00,1648.00,7220,32045
20010809,1,13,200204,,1667.00,1680.00,1620.00,1627.00,1627.00,31492,73030
20010809,1,13,200206,,1655.00,1666.00,1600.00,1600.00,1600.00,71123,119833
20010809,1,14,200108,,1710.00,1710.00,1710.00,1710.00,1710.00,1,99
20010809,1,14,200110,,1716.00,1716.00,1716.00,1716.00,1716.00,1,238
20010809,1,14,200112,,1710.00,1736.00,1709.00,1712.00,1712.00,14,487
20010809,1,14,200202,,1731.00,1734.00,1694.00,1700.00,1700.00,92,668
20010809,1,14,200204,,1702.00,1722.00,1678.00,1679.00,1679.00,111,846
20010809,1,14,200206,,1695.00,1709.00,1665.00,1673.00,1673.00,243,1503
20010809,1,21,200108,,170.40,172.00,170.40,172.00,172.00,24,481
20010809,1,21,200109,,171.20,171.90,171.20,171.90,171.90,20,540
20010809,1,21,200110,,172.30,173.20,172.20,172.70,172.70,274,2232
20010809,1,21,200111,,173.60,173.70,173.10,173.20,173.20,99,1607
20010809,1,21,200112,,174.30,174.80,174.10,174.20,174.20,555,2531
20010809,1,21,200201,,174.90,175.30,174.50,174.50,174.50,2839,4471
20010809,1,31,200109,,27170.00,27200.00,26630.00,26930.00,26930.00,484,5201
20010809,1,31,200110,,26720.00,26760.00,26130.00,26180.00,26180.00,779,9429
20010809,1,31,200111,,26290.00,26420.00,25890.00,25910.00,25910.00,1834,16271
20010809,1,31,200112,,26120.00,26140.00,25640.00,25640.00,25640.00,5458,39634
20010809,1,31,200201,,25870.00,25880.00,25370.00,25370.00,25370.00,18296,41192
20010809,1,31,200202,,25820.00,25880.00,25350.00,25350.00,25350.00,32755,42616
20010809,1,32,200109,,27860.00,27860.00,27620.00,27700.00,27700.00,366,4264
20010809,1,32,200110,,28890.00,28890.00,28410.00,28560.00,28560.00,849,7721
20010809,1,32,200111,,29920.00,29990.00,29430.00,29660.00,29660.00,892,11188
20010809,1,32,200112,,30350.00,30460.00,29960.00,30150.00,30150.00,3917,23427
20010809,1,32,200201,,30300.00,30340.00,29830.00,29870.00,29870.00,7202,27752
20010809,1,32,200202,,29610.00,29670.00,29130.00,29190.00,29190.00,20698,23819
20010809,1,81,200108,,76.10,77.50,76.10,77.50,77.50,111,3243
20010809,1,81,200109,,77.20,78.70,77.20,78.70,78.70,221,7471
20010809,1,81,200110,,77.40,78.50,77.40,78.50,78.50,518,14628
20010809,1,81,200111,,77.70,78.80,77.70,78.80,78.80,650,23845
20010809,1,81,200112,,77.80,78.80,77.80,78.80,78.80,1513,22791
20010809,1,81,200201,,77.60,78.50,77.60,78.50,78.50,2115,18544
20010810,1,11,200108,,1071.00,1076.00,1071.00,1073.00,1073.00,135,5980
20010810,1,11,200110,,1070.00,1075.00,1070.00,1074.00,1074.00,258,12417
20010810,1,11,200112,,1070.00,1074.00,1070.00,1071.00,1071.00,704,16375
20010810,1,11,200202,,1068.00,1072.00,1067.00,1068.00,1068.00,2304,24502
20010810,1,11,200204,,1065.00,1070.00,1065.00,1066.00,1066.00,9160,65319
20010810,1,11,200206,,1065.00,1068.00,1063.00,1064.00,1064.00,25336,67144
20010810,1,12,200108,,164.60,164.60,164.60,164.60,164.60,1,339
20010810,1,12,200110,,165.70,165.80,165.70,165.70,165.70,4,464
20010810,1,12,200112,,165.20,165.20,163.80,163.80,163.80,44,1177
20010810,1,12,200202,,164.60,164.60,163.30,163.40,163.40,41,1265
20010810,1,12,200204,,164.00,164.40,163.20,164.40,164.40,220,4300
20010810,1,12,200206,,164.30,164.30,163.20,163.60,163.60,1480,8162
20010810,1,13,200108,,1729.00,1746.00,1717.00,1740.00,1740.00,106,3009
20010810,1,13,200110,,1713.00,1745.00,1701.00,1730.00,1730.00,585,10984
20010810,1,13,200112,,1664.00,1712.00,1664.00,1701.00,1701.00,2174,21371
20010810,1,13,200202,,1642.00,1688.00,1640.00,1680.00,1680.00,4928,31590
20010810,1,13,200204,,1614.00,1655.00,1614.00,1643.00,1643.00,26596,73748
20010810,1,13,200206,,1598.00,1638.00,1596.00,1627.00,1627.00,61261,123691
20010810,1,14,200108,,1778.00,1778.00,1778.00,1778.00,1778.00,1,99
20010810,1,14,200110,,1770.00,1773.00,1770.00,1773.00,1773.00,7,243
20010810,1,14,200112,,1741.00,1770.00,1741.00,1764.00,1764.00,71,503
20010810,1,14,200202,,1770.00,1770.00,1751.00,1751.00,1751.00,89,673
20010810,1,14,200204,,1730.00,1762.00,1730.00,1747.00,1747.00,76,832
20010810,1,14,200206,,1729.00,1750.00,1729.00,1730.00,1730.00,330,1449
20010810,1,21,200108,,172.50,172.50,171.90,171.90,171.90,7,480
20010810,1,21,200109,,172.20,172.20,171.70,171.70,171.70,16,528
20010810,1,21,200110,,173.10,173.60,172.20,172.90,172.90,104,2257
20010810,1,21,200111,,173.20,173.80,172.70,173.30,173.30,96,1540
20010810,1,21,200112,,174.90,175.00,173.60,174.00,174.00,461,2466
20010810,1,21,200201,,174.60,175.20,174.10,174.50,174.50,1468,4494
20010810,1,31,200109,,26980.00,27170.00,26910.00,27100.00,27100.00,386,5039
20010810,1,31,200110,,26170.00,26490.00,26140.00,26470.00,26470.00,448,9250
20010810,1,31,200111,,25880.00,26110.00,25840.00,26000.00,26000.00,1767,15803
20010810,1,31,200112,,25630.00,25960.00,25560.00,25780.00,25780.00,6178,39988
20010810,1,31,200201,,25280.00,25700.00,25260.00,25620.00,25620.00,17444,40756
20010810,1,31,200202,,25230.00,25610.00,25230.00,25530.00,25530.00,39183,43686
20010810,1,32,200109,,27810.00,27910.00,27690.00,27710.00,27710.00,231,4167
20010810,1,32,200110,,28690.00,28700.00,28530.00,28530.00,28530.00,253,7612
20010810,1,32,200111,,29680.00,29780.00,29610.00,29630.00,29630.00,607,10980
20010810,1,32,200112,,30130.00,30270.00,30010.00,30060.00,30060.00,1942,23424
20010810,1,32,200201,,29920.00,30030.00,29860.00,29940.00,29940.00,5006,27862
20010810,1,32,200202,,29230.00,29380.00,29140.00,29170.00,29170.00,13104,23283
20010810,1,81,200108,,77.80,78.30,77.80,78.30,78.30,191,3154
20010810,1,81,200109,,78.70,78.90,78.30,78.30,78.30,584,7345
20010810,1,81,200110,,78.40,78.50,78.20,78.50,78.50,651,14547
20010810,1,81,200111,,78.50,78.50,78.00,78.00,78.00,2267,23609
20010810,1,81,200112,,78.20,78.20,77.70,77.70,77.70,3069,22231
20010810,1,81,200201,,78.00,78.00,77.50,77.50,77.50,3682,19779
20010813,1,11,200108,,1075.00,1084.00,1075.00,1082.00,1082.00,253,5894
20010813,1,11,200110,,1073.00,1085.00,1073.00,1079.00,1079.00,823,12316
20010813,1,11,200112,,1073.00,1083.00,1073.00,1081.00,1081.00,446,16154
20010813,1,11,200202,,1074.00,1082.00,1073.00,1079.00,1079.00,3007,24926
20010813,1,11,200204,,1070.00,1081.00,1070.00,1075.00,1075.00,11208,63664
20010813,1,11,200206,,1069.00,1079.00,1068.00,1075.00,1075.00,32646,69366
20010813,1,12,200108,,162.70,162.70,161.30,162.70,162.70,6,339
20010813,1,12,200110,,162.80,165.20,162.50,163.40,163.40,55,455
20010813,1,12,200112,,163.80,163.80,162.30,162.30,162.30,118,1117
20010813,1,12,200202,,161.10,162.50,161.10,162.30,162.30,78,1310
20010813,1,12,200204,,161.90,162.50,161.70,162.40,162.40,332,4198
20010813,1,12,200206,,162.40,162.60,161.50,162.10,162.10,1828,8633
20010813,1,13,200108,,1780.00,1790.00,1772.00,1790.00,1790.00,263,2960
20010813,1,13,200110,,1753.00,1778.00,1753.00,1770.00,1770.00,436,10797
20010813,1,13,200112,,1745.00,1755.00,1737.00,1738.00,1738.00,1595,20947
20010813,1,13,200202,,1723.00,1730.00,1710.00,1713.00,1713.00,5996,31759
20010813,1,13,200204,,1685.00,1699.00,1677.00,1683.00,1683.00,27077,73075
20010813,1,13,200206,,1667.00,1681.00,1657.00,1665.00,1665.00,79593,124275
20010813,1,14,200108,,1870.00,1870.00,1870.00,1870.00,1870.00,2,97
20010813,1,14,200110,,1868.00,1871.00,1845.00,1845.00,1845.00,3,243
20010813,1,14,200112,,1853.00,1870.00,1845.00,1845.00,1845.00,29,504
20010813,1,14,200202,,1871.00,1871.00,1828.00,1830.00,1830.00,72,654
20010813,1,14,200204,,1867.00,1867.00,1825.00,1828.00,1828.00,102,802
20010813,1,14,200206,,1850.00,1850.00,1801.00,1801.00,1801.00,334,1467
20010813,1,21,200108,,171.60,171.60,170.60,170.60,170.60,3,480
20010813,1,21,200109,,171.70,172.40,171.50,172.20,172.20,21,508
20010813,1,21,200110,,173.20,173.90,172.50,173.00,173.00,48,2247
20010813,1,21,200111,,173.90,173.90,172.90,173.10,173.10,42,1526
20010813,1,21,200112,,174.10,174.70,173.60,173.60,173.60,323,2390
20010813,1,21,200201,,174.80,175.40,173.90,173.90,173.90,1373,4499
20010813,1,31,200109,,27090.00,27280.00,26990.00,27160.00,27160.00,266,4861
20010813,1,31,200110,,26500.00,26670.00,26410.00,26540.00,26540.00,293,9205
20010813,1,31,200111,,26250.00,26250.00,26030.00,26170.00,26170.00,926,15595
20010813,1,31,200112,,25930.00,26020.00,25730.00,25860.00,25860.00,3165,39673
20010813,1,31,200201,,25750.00,25810.00,25500.00,25690.00,25690.00,10297,40762
20010813,1,31,200202,,25680.00,25710.00,25400.00,25480.00,25480.00,23644,44035
20010813,1,32,200109,,27880.00,27900.00,27740.00,27760.00,27760.00,211,4027
20010813,1,32,200110,,28600.00,28700.00,28470.00,28580.00,28580.00,387,7476
20010813,1,32,200111,,29760.00,29880.00,29510.00,29600.00,29600.00,840,11071
20010813,1,32,200112,,30190.00,30230.00,30050.00,30170.00,30170.00,1419,23558
20010813,1,32,200201,,30030.00,30050.00,29910.00,30030.00,30030.00,3127,28013
20010813,1,32,200202,,29290.00,29350.00,29170.00,29310.00,29310.00,7303,23302
20010813,1,81,200108,,78.30,78.30,77.90,77.90,77.90,201,3055
20010813,1,81,200109,,78.50,78.50,77.90,77.90,77.90,345,7172
20010813,1,81,200110,,78.40,78.40,77.80,77.80,77.80,656,14320
20010813,1,81,200111,,78.00,78.20,77.70,77.80,77.80,867,23449
20010813,1,81,200112,,77.70,77.80,77.40,77.70,77.70,2452,21972
20010813,1,81,200201,,77.80,77.90,77.50,77.90,77.90,2704,19995
20010814,1,11,200108,,1088.00,1088.00,1083.00,1088.00,1088.00,144,5832
20010814,1,11,200110,,1086.00,1088.00,1081.00,1087.00,1087.00,550,12202
20010814,1,11,200112,,1086.00,1088.00,1080.00,1085.00,1085.00,1096,16024
20010814,1,11,200202,,1082.00,1085.00,1078.00,1082.00,1082.00,4383,24366
20010814,1,11,200204,,1081.00,1083.00,1076.00,1081.00,1081.00,12406,63534
20010814,1,11,200206,,1080.00,1081.00,1074.00,1077.00,1077.00,28788,69024
20010814,1,12,200108,,162.70,162.70,162.70,162.70,162.70,1,339
20010814,1,12,200110,,163.40,163.50,163.40,163.50,163.50,4,455
20010814,1,12,200112,,161.90,162.70,161.80,162.00,162.00,138,1027
20010814,1,12,200202,,161.70,162.60,161.00,162.40,162.40,129,1220
20010814,1,12,200204,,162.00,162.90,161.70,162.70,162.70,1022,4112
20010814,1,12,200206,,162.10,162.50,161.50,162.00,162.00,2438,9115
20010814,1,13,200108,,1792.00,1792.00,1765.00,1765.00,1765.00,127,2841
20010814,1,13,200110,,1770.00,1771.00,1743.00,1744.00,1744.00,868,10629
20010814,1,13,200112,,1742.00,1743.00,1704.00,1704.00,1704.00,1476,20754
20010814,1,13,200202,,1718.00,1718.00,1670.00,1676.00,1676.00,4225,31902
20010814,1,13,200204,,1686.00,1690.00,1646.00,1647.00,1647.00,21130,73419
20010814,1,13,200206,,1670.00,1672.00,1625.00,1630.00,1630.00,62537,131254
20010814,1,14,200108,,0.00,0.00,0.00,0.00,1825.00,0,97
20010814,1,14,200110,,1829.00,1829.00,1824.00,1824.00,1824.00,19,250
20010814,1,14,200112,,1821.00,1821.00,1807.00,1815.00,1815.00,5,503
20010814,1,14,200202,,1833.00,1833.00,1797.00,1797.00,1797.00,73,625
20010814,1,14,200204,,1802.00,1802.00,1771.00,1788.00,1788.00,72,808
20010814,1,14,200206,,1777.00,1779.00,1751.00,1774.00,1774.00,318,1477
20010814,1,21,200108,,170.10,171.00,170.00,170.40,170.40,9,476
20010814,1,21,200109,,171.20,171.20,169.00,170.30,170.30,25,497
20010814,1,21,200110,,171.30,172.50,169.60,171.60,171.60,318,2343
20010814,1,21,200111,,172.30,172.90,170.80,171.60,171.60,169,1526
20010814,1,21,200112,,172.20,173.20,171.70,172.90,172.90,950,2217
20010814,1,21,200201,,173.40,173.60,172.30,173.30,173.30,3758,4357
20010814,1,31,200109,,27030.00,27320.00,26990.00,27320.00,27320.00,405,4649
20010814,1,31,200110,,26460.00,26530.00,26390.00,26480.00,26480.00,483,9073
20010814,1,31,200111,,26050.00,26100.00,25940.00,26080.00,26080.00,735,15548
20010814,1,31,200112,,25820.00,25820.00,25590.00,25750.00,25750.00,4965,39083
20010814,1,31,200201,,25540.00,25560.00,25270.00,25410.00,25410.00,13312,40740
20010814,1,31,200202,,25390.00,25410.00,25110.00,25300.00,25300.00,33391,46616
20010814,1,32,200109,,27780.00,27780.00,27550.00,27590.00,27590.00,287,3814
20010814,1,32,200110,,28470.00,28550.00,28290.00,28370.00,28370.00,560,7289
20010814,1,32,200111,,29490.00,29550.00,29330.00,29480.00,29480.00,496,11071
20010814,1,32,200112,,30070.00,30130.00,29940.00,29950.00,29950.00,1763,23638
20010814,1,32,200201,,29950.00,29970.00,29770.00,29840.00,29840.00,4376,27800
20010814,1,32,200202,,29250.00,29250.00,28970.00,29090.00,29090.00,12954,22879
20010814,1,81,200108,,78.00,78.00,77.50,77.80,77.80,264,2847
20010814,1,81,200109,,78.20,78.20,77.90,78.00,78.00,452,6832
20010814,1,81,200110,,78.50,78.50,78.20,78.40,78.40,181,14273
20010814,1,81,200111,,78.30,78.30,78.10,78.30,78.30,242,23340
20010814,1,81,200112,,78.30,78.30,78.00,78.30,78.30,891,21844
20010814,1,81,200201,,78.30,78.30,77.90,78.00,78.00,1886,20508
20010815,1,11,200108,,1081.00,1082.00,1079.00,1079.00,1079.00,141,5768
20010815,1,11,200110,,1082.00,1082.00,1078.00,1079.00,1079.00,214,12176
20010815,1,11,200112,,1081.00,1081.00,1076.00,1078.00,1078.00,349,15953
20010815,1,11,200202,,1079.00,1079.00,1074.00,1076.00,1076.00,1526,24359
20010815,1,11,200204,,1076.00,1077.00,1072.00,1073.00,1073.00,5418,63088
20010815,1,11,200206,,1074.00,1075.00,1070.00,1071.00,1071.00,13462,69391
20010815,1,12,200108,,163.50,163.50,163.50,163.50,163.50,1,339
20010815,1,12,200110,,163.50,163.50,163.50,163.50,163.50,1,455
20010815,1,12,200112,,162.40,162.90,161.80,162.10,162.10,108,1063
20010815,1,12,200202,,160.70,163.20,160.70,162.00,162.00,222,1289
20010815,1,12,200204,,163.50,163.50,162.70,163.10,163.10,218,4108
20010815,1,12,200206,,162.80,163.10,162.40,162.80,162.80,1052,9592
20010815,1,13,200108,,1745.00,1745.00,1691.00,1691.00,1691.00,340,2780
20010815,1,13,200110,,1728.00,1732.00,1664.00,1664.00,1664.00,1056,10648
20010815,1,13,200112,,1680.00,1693.00,1624.00,1624.00,1624.00,2734,20767
20010815,1,13,200202,,1650.00,1660.00,1596.00,1596.00,1596.00,10304,31297
20010815,1,13,200204,,1625.00,1636.00,1567.00,1567.00,1567.00,37658,73140
20010815,1,13,200206,,1605.00,1616.00,1550.00,1550.00,1550.00,97135,130602
20010815,1,14,200108,,1762.00,1762.00,1762.00,1762.00,1762.00,1,97
20010815,1,14,200110,,1762.00,1762.00,1762.00,1762.00,1762.00,2,248
20010815,1,14,200112,,1734.00,1734.00,1725.00,1731.00,1731.00,5,502
20010815,1,14,200202,,1720.00,1736.00,1720.00,1727.00,1727.00,111,725
20010815,1,14,200204,,1710.00,1730.00,1699.00,1699.00,1699.00,88,806
20010815,1,14,200206,,1700.00,1712.00,1683.00,1684.00,1684.00,297,1468
20010815,1,21,200108,,171.00,171.00,169.50,169.50,169.50,11,467
20010815,1,21,200109,,170.60,170.80,170.50,170.50,170.50,13,493
20010815,1,21,200110,,171.00,171.70,170.60,171.30,171.30,89,2306
20010815,1,21,200111,,171.80,172.70,170.70,171.90,171.90,158,1531
20010815,1,21,200112,,173.50,173.50,172.40,172.60,172.60,344,2085
20010815,1,21,200201,,174.20,174.20,173.00,173.00,173.00,2002,4421
20010815,1,31,200109,,27300.00,27460.00,27270.00,27350.00,27350.00,623,4149
20010815,1,31,200110,,26510.00,26580.00,26440.00,26450.00,26450.00,203,9001
20010815,1,31,200111,,26080.00,26160.00,25970.00,25970.00,25970.00,591,15428
20010815,1,31,200112,,25780.00,25920.00,25680.00,25680.00,25680.00,2708,39120
20010815,1,31,200201,,25490.00,25560.00,25340.00,25400.00,25400.00,7592,40597
20010815,1,31,200202,,25330.00,25400.00,25170.00,25200.00,25200.00,18016,47418
20010815,1,32,200109,,27670.00,27670.00,27430.00,27520.00,27520.00,465,3593
20010815,1,32,200110,,28440.00,28440.00,28260.00,28260.00,28260.00,339,7222
20010815,1,32,200111,,29420.00,29540.00,29350.00,29350.00,29350.00,493,10949
20010815,1,32,200112,,29990.00,30090.00,29880.00,29880.00,29880.00,1397,23474
20010815,1,32,200201,,29850.00,29890.00,29740.00,29760.00,29760.00,3170,27824
20010815,1,32,200202,,29120.00,29160.00,28970.00,29000.00,29000.00,8206,22240
20010815,1,81,200108,,77.80,77.90,77.80,77.90,77.90,39,2821
20010815,1,81,200109,,77.90,77.90,77.60,77.70,77.70,551,6430
20010815,1,81,200110,,78.20,78.20,77.80,77.80,77.80,301,14100
20010815,1,81,200111,,78.20,78.20,77.90,78.10,78.10,496,23155
20010815,1,81,200112,,78.00,78.10,77.40,78.00,78.00,965,21612
20010815,1,81,200201,,78.00,78.10,77.80,78.10,78.10,1473,20596
20010816,1,11,200108,,1066.00,1066.00,1058.00,1058.00,1058.00,579,5419
20010816,1,11,200110,,1064.00,1064.00,1057.00,1057.00,1057.00,398,12030
20010816,1,11,200112,,1062.00,1062.00,1057.00,1058.00,1058.00,769,15648
20010816,1,11,200202,,1060.00,1062.00,1053.00,1055.00,1055.00,3842,23855
20010816,1,11,200204,,1058.00,1059.00,1051.00,1051.00,1051.00,14733,61639
20010816,1,11,200206,,1055.00,1056.00,1049.00,1050.00,1050.00,40958,64698
20010816,1,12,200108,,157.00,158.40,156.30,158.40,158.40,16,331
20010816,1,12,200110,,157.60,159.40,157.60,159.40,159.40,79,396
20010816,1,12,200112,,158.60,159.20,156.80,157.60,157.60,307,1079
20010816,1,12,200202,,156.50,159.00,156.50,158.60,158.60,271,1271
20010816,1,12,200204,,158.00,159.60,157.70,159.50,159.50,1021,3756
20010816,1,12,200206,,159.40,159.50,157.70,159.20,159.20,4195,9899
20010816,1,13,200108,,1679.00,1679.00,1597.00,1603.00,1603.00,143,2672
20010816,1,13,200110,,1644.00,1648.00,1587.00,1590.00,1590.00,953,10325
20010816,1,13,200112,,1604.00,1615.00,1551.00,1561.00,1561.00,5234,19663
20010816,1,13,200202,,1566.00,1589.00,1520.00,1529.00,1529.00,15053,31336
20010816,1,13,200204,,1547.00,1562.00,1491.00,1503.00,1503.00,57632,76360
20010816,1,13,200206,,1531.00,1541.00,1472.00,1483.00,1483.00,158356,136697
20010816,1,14,200108,,1711.00,1711.00,1711.00,1711.00,1711.00,4,94
20010816,1,14,200110,,1699.00,1699.00,1699.00,1699.00,1699.00,1,247
20010816,1,14,200112,,1685.00,1688.00,1677.00,1677.00,1677.00,9,503
20010816,1,14,200202,,1667.00,1680.00,1657.00,1660.00,1660.00,15,726
20010816,1,14,200204,,1666.00,1669.00,1635.00,1638.00,1638.00,65,816
20010816,1,14,200206,,1648.00,1648.00,1616.00,1630.00,1630.00,508,1481
20010816,1,21,200108,,168.60,168.60,167.10,167.60,167.60,10,466
20010816,1,21,200109,,168.50,168.90,168.10,168.90,168.90,20,493
20010816,1,21,200110,,169.80,169.80,168.50,169.20,169.20,644,1984
20010816,1,21,200111,,170.40,170.70,169.00,169.50,169.50,210,1491
20010816,1,21,200112,,170.40,171.30,169.70,170.00,170.00,504,1923
20010816,1,21,200201,,171.10,171.90,170.40,170.70,170.70,3672,4419
20010816,1,31,200109,,27000.00,27140.00,26840.00,27100.00,27100.00,703,3638
20010816,1,31,200110,,25810.00,26150.00,25760.00,26150.00,26150.00,857,8851
20010816,1,31,200111,,25510.00,25750.00,25270.00,25690.00,25690.00,1680,15060
20010816,1,31,200112,,25100.00,25380.00,24980.00,25370.00,25370.00,12855,37693
20010816,1,31,200201,,24820.00,24990.00,24700.00,24940.00,24940.00,25023,40315
20010816,1,31,200202,,24600.00,24750.00,24500.00,24680.00,24680.00,54155,47326
20010816,1,32,200109,,27390.00,27660.00,27100.00,27570.00,27570.00,798,3156
20010816,1,32,200110,,28000.00,28500.00,27680.00,28500.00,28500.00,911,6864
20010816,1,32,200111,,29000.00,29560.00,28740.00,29500.00,29500.00,1612,10384
20010816,1,32,200112,,29610.00,30000.00,29300.00,30000.00,30000.00,4087,22983
20010816,1,32,200201,,29210.00,29720.00,29100.00,29720.00,29720.00,9028,27847
20010816,1,32,200202,,28610.00,28860.00,28340.00,28860.00,28860.00,21219,23767
20010816,1,81,200108,,77.40,77.40,76.90,76.90,76.90,171,2692
20010816,1,81,200109,,77.10,77.10,77.00,77.00,77.00,310,6219
20010816,1,81,200110,,77.10,77.50,77.10,77.10,77.10,417,13892
20010816,1,81,200111,,77.30,77.50,76.70,76.70,76.70,566,22906
20010816,1,81,200112,,77.00,77.40,77.00,77.00,77.00,1709,21350
20010816,1,81,200201,,77.10,77.50,76.90,76.90,76.90,2700,20842
20010817,1,11,200108,,1064.00,1067.00,1063.00,1065.00,1065.00,461,5113
20010817,1,11,200110,,1064.00,1066.00,1062.00,1062.00,1062.00,317,11982
20010817,1,11,200112,,1063.00,1064.00,1061.00,1062.00,1062.00,425,15514
20010817,1,11,200202,,1060.00,1066.00,1058.00,1060.00,1060.00,3843,23745
20010817,1,11,200204,,1057.00,1061.00,1056.00,1059.00,1059.00,5861,61305
20010817,1,11,200206,,1055.00,1059.00,1054.00,1057.00,1057.00,15681,65789
20010817,1,12,200108,,160.00,160.00,158.00,158.00,158.00,8,329
20010817,1,12,200110,,162.00,162.00,161.30,161.80,161.80,74,371
20010817,1,12,200112,,160.00,161.20,160.00,160.60,160.60,89,1025
20010817,1,12,200202,,161.00,161.00,159.60,160.60,160.60,125,1260
20010817,1,12,200204,,160.30,161.30,160.30,160.80,160.80,609,3348
20010817,1,12,200206,,161.00,161.30,160.30,160.70,160.70,1994,10638
20010817,1,13,200108,,1675.00,1725.00,1675.00,1724.00,1724.00,644,2383
20010817,1,13,200110,,1670.00,1670.00,1664.00,1670.00,1670.00,330,10197
20010817,1,13,200112,,1641.00,1641.00,1638.00,1641.00,1641.00,692,19736
20010817,1,13,200202,,1609.00,1609.00,1603.00,1609.00,1609.00,2083,31705
20010817,1,13,200204,,1582.00,1583.00,1571.00,1583.00,1583.00,6577,77562
20010817,1,13,200206,,1560.00,1563.00,1549.00,1563.00,1563.00,26188,138412
20010817,1,14,200108,,1740.00,1740.00,1740.00,1740.00,1740.00,1,94
20010817,1,14,200110,,1732.00,1732.00,1730.00,1730.00,1730.00,3,246
20010817,1,14,200112,,1717.00,1732.00,1711.00,1724.00,1724.00,60,501
20010817,1,14,200202,,1717.00,1735.00,1708.00,1735.00,1735.00,14,724
20010817,1,14,200204,,1703.00,1720.00,1694.00,1720.00,1720.00,91,823
20010817,1,14,200206,,1698.00,1717.00,1682.00,1717.00,1717.00,372,1437
20010817,1,21,200108,,171.50,172.10,171.40,172.10,172.10,5,464
20010817,1,21,200109,,171.50,172.40,171.50,172.40,172.40,8,489
20010817,1,21,200110,,171.70,173.20,171.60,173.20,173.20,291,1983
20010817,1,21,200111,,172.60,173.50,172.30,173.50,173.50,264,1565
20010817,1,21,200112,,173.90,174.00,173.40,174.00,174.00,519,1940
20010817,1,21,200201,,174.10,174.70,174.00,174.70,174.70,1741,4877
20010817,1,31,200109,,27010.00,27480.00,27010.00,27480.00,27480.00,1138,2713
20010817,1,31,200110,,25990.00,26530.00,25990.00,26530.00,26530.00,465,8803
20010817,1,31,200111,,25480.00,26080.00,25480.00,26070.00,26070.00,1434,14987
20010817,1,31,200112,,25210.00,25770.00,25210.00,25690.00,25690.00,5608,37043
20010817,1,31,200201,,24880.00,25300.00,24840.00,25270.00,25270.00,16301,38993
20010817,1,31,200202,,24630.00,25010.00,24610.00,24960.00,24960.00,40500,48466
20010817,1,32,200109,,27700.00,27770.00,27470.00,27710.00,27710.00,1175,2400
20010817,1,32,200110,,28400.00,28530.00,28290.00,28350.00,28350.00,448,6837
20010817,1,32,200111,,29420.00,29520.00,29170.00,29300.00,29300.00,1370,10245
20010817,1,32,200112,,29840.00,30060.00,29760.00,29960.00,29960.00,2465,22927
20010817,1,32,200201,,29600.00,29800.00,29480.00,29580.00,29580.00,5136,27659
20010817,1,32,200202,,28830.00,29000.00,28630.00,28780.00,28780.00,16195,24631
20010817,1,81,200108,,76.00,76.00,75.40,75.40,75.40,220,2605
20010817,1,81,200109,,75.30,75.60,75.20,75.20,75.20,703,5907
20010817,1,81,200110,,75.20,75.40,75.00,75.20,75.20,2416,14404
20010817,1,81,200111,,75.20,75.90,75.00,75.40,75.40,3911,23075
20010817,1,81,200112,,75.10,75.60,75.00,75.00,75.00,4458,22479
20010817,1,81,200201,,75.50,75.90,75.10,75.50,75.50,7453,22768
20010820,1,11,200108,,1082.00,1082.00,1078.00,1079.00,1079.00,98,5063
20010820,1,11,200110,,1079.00,1079.00,1077.00,1077.00,1077.00,148,11957
20010820,1,11,200112,,1080.00,1080.00,1076.00,1078.00,1078.00,66,15496
20010820,1,11,200202,,1075.00,1076.00,1073.00,1076.00,1076.00,976,23669
20010820,1,11,200204,,1072.00,1074.00,1071.00,1073.00,1073.00,6545,61581
20010820,1,11,200206,,1070.00,1072.00,1069.00,1072.00,1072.00,22838,67057
20010820,1,12,200108,,162.70,162.70,162.70,162.70,162.70,2,329
20010820,1,12,200110,,162.90,163.50,162.90,163.50,163.50,3,369
20010820,1,12,200112,,162.40,163.40,162.40,163.40,163.40,174,938
20010820,1,12,200202,,162.10,163.00,162.10,162.60,162.60,69,1254
20010820,1,12,200204,,163.10,163.80,163.10,163.80,163.80,109,3306
20010820,1,12,200206,,163.30,163.70,163.20,163.60,163.60,1321,10729
20010820,1,13,200108,,1755.00,1755.00,1712.00,1714.00,1714.00,143,2288
20010820,1,13,200110,,1715.00,1725.00,1681.00,1684.00,1684.00,510,10151
20010820,1,13,200112,,1685.00,1694.00,1645.00,1646.00,1646.00,2254,19792
20010820,1,13,200202,,1659.00,1666.00,1604.00,1610.00,1610.00,9236,30587
20010820,1,13,200204,,1639.00,1639.00,1579.00,1579.00,1579.00,26878,75416
20010820,1,13,200206,,1615.00,1617.00,1546.00,1546.00,1546.00,82995,137091
20010820,1,14,200108,,1735.00,1735.00,1735.00,1735.00,1735.00,1,94
20010820,1,14,200110,,1730.00,1730.00,1730.00,1730.00,1730.00,1,246
20010820,1,14,200112,,1732.00,1735.00,1720.00,1720.00,1720.00,6,502
20010820,1,14,200202,,1735.00,1735.00,1687.00,1687.00,1687.00,9,721
20010820,1,14,200204,,1735.00,1735.00,1677.00,1677.00,1677.00,60,801
20010820,1,14,200206,,1715.00,1715.00,1670.00,1670.00,1670.00,280,1511
20010820,1,21,200108,,172.10,173.00,172.10,173.00,173.00,10,458
20010820,1,21,200109,,173.30,173.40,172.10,172.10,172.10,18,492
20010820,1,21,200110,,173.30,173.80,172.60,173.60,173.60,46,1965
20010820,1,21,200111,,175.20,175.20,173.80,173.80,173.80,205,1433
20010820,1,21,200112,,175.30,175.40,174.40,174.70,174.70,418,1903
20010820,1,21,200201,,175.50,175.90,174.80,174.90,174.90,1943,5395
20010820,1,31,200109,,27100.00,27100.00,27100.00,27100.00,27100.00,2578,0
20010820,1,31,200110,,26250.00,26430.00,26110.00,26340.00,26340.00,634,8625
20010820,1,31,200111,,25640.00,25990.00,25550.00,25950.00,25950.00,1215,14708
20010820,1,31,200112,,25100.00,25600.00,25090.00,25460.00,25460.00,4242,36816
20010820,1,31,200201,,24700.00,25180.00,24700.00,25150.00,25150.00,14464,39146
20010820,1,31,200202,,24560.00,24930.00,24480.00,24930.00,24930.00,42599,52393
20010820,1,32,200109,,27990.00,27990.00,27870.00,27900.00,27990.00,2172,0
20010820,1,32,200110,,28340.00,28370.00,28150.00,28240.00,28240.00,555,6573
20010820,1,32,200111,,28900.00,29210.00,28870.00,29110.00,29110.00,1004,10251
20010820,1,32,200112,,29500.00,29810.00,29500.00,29800.00,29800.00,2406,22923
20010820,1,32,200201,,29180.00,29410.00,29100.00,29270.00,29270.00,6967,27474
20010820,1,32,200202,,28310.00,28620.00,28300.00,28480.00,28480.00,15912,24651
20010820,1,81,200108,,76.50,77.50,76.50,77.50,77.50,192,2450
20010820,1,81,200109,,75.60,75.90,75.60,75.80,75.80,387,5651
20010820,1,81,200110,,75.60,75.80,75.60,75.70,75.70,664,14220
20010820,1,81,200111,,75.60,75.70,75.50,75.70,75.70,726,22834
20010820,1,81,200112,,75.20,75.60,75.10,75.10,75.10,2237,21937
20010820,1,81,200201,,75.60,75.90,75.10,75.10,75.10,3566,23179
20010821,1,11,200108,,1075.00,1075.00,1073.00,1073.00,1073.00,311,4789
20010821,1,11,200110,,1072.00,1074.00,1072.00,1073.00,1073.00,116,11920
20010821,1,11,200112,,1073.00,1073.00,1070.00,1072.00,1072.00,359,15355
20010821,1,11,200202,,1067.00,1070.00,1067.00,1068.00,1068.00,1376,23361
20010821,1,11,200204,,1065.00,1068.00,1065.00,1067.00,1067.00,5535,61353
20010821,1,11,200206,,1064.00,1066.00,1063.00,1064.00,1064.00,11330,67567
20010821,1,12,200108,,158.00,158.90,158.00,158.90,158.90,14,325
20010821,1,12,200110,,161.10,161.10,161.10,161.10,161.10,14,368
20010821,1,12,200112,,160.70,160.70,159.40,159.40,159.40,37,920
20010821,1,12,200202,,160.80,161.30,160.10,160.40,160.40,98,1230
20010821,1,12,200204,,160.90,161.20,160.70,161.00,161.00,270,3333
20010821,1,12,200206,,160.60,161.00,160.40,160.90,160.90,1637,11305
20010821,1,13,200108,,1700.00,1716.00,1684.00,1716.00,1716.00,65,2236
20010821,1,13,200110,,1667.00,1705.00,1656.00,1701.00,1701.00,781,9641
20010821,1,13,200112,,1623.00,1676.00,1614.00,1676.00,1676.00,2113,19540
20010821,1,13,200202,,1595.00,1644.00,1580.00,1644.00,1644.00,5443,29735
20010821,1,13,200204,,1565.00,1619.00,1543.00,1619.00,1619.00,25615,73739
20010821,1,13,200206,,1526.00,1589.00,1510.00,1589.00,1589.00,81158,139812
20010821,1,14,200108,,1727.00,1727.00,1727.00,1727.00,1727.00,30,65
20010821,1,14,200110,,1722.00,1722.00,1722.00,1722.00,1722.00,1,246
20010821,1,14,200112,,1700.00,1711.00,1700.00,1707.00,1707.00,15,502
20010821,1,14,200202,,1675.00,1695.00,1675.00,1695.00,1695.00,4,718
20010821,1,14,200204,,1660.00,1699.00,1655.00,1696.00,1696.00,51,783
20010821,1,14,200206,,1650.00,1692.00,1648.00,1684.00,1684.00,209,1540
20010821,1,21,200108,,172.00,172.00,170.00,171.20,171.20,86,391
20010821,1,21,200109,,171.10,171.90,170.60,171.90,171.90,23,474
20010821,1,21,200110,,172.00,172.40,171.50,172.40,172.40,102,1909
20010821,1,21,200111,,173.00,173.30,172.20,172.70,172.70,84,1398
20010821,1,21,200112,,174.50,174.50,173.20,173.70,173.70,481,1941
20010821,1,21,200201,,174.00,174.30,173.60,173.90,173.90,1301,5500
20010821,1,31,200110,,26430.00,26440.00,26160.00,26160.00,26160.00,522,8431
20010821,1,31,200111,,25900.00,25950.00,25750.00,25770.00,25770.00,806,14492
20010821,1,31,200112,,25480.00,25600.00,25350.00,25500.00,25500.00,2425,36477
20010821,1,31,200201,,25190.00,25300.00,24950.00,25100.00,25100.00,5935,38001
20010821,1,31,200202,,24930.00,25060.00,24750.00,24800.00,24800.00,23527,49863
20010821,1,31,200203,,24950.00,25060.00,24610.00,24710.00,24710.00,18675,6172
20010821,1,32,200110,,28380.00,28380.00,28160.00,28230.00,28230.00,377,6349
20010821,1,32,200111,,29290.00,29300.00,29070.00,29070.00,29070.00,664,10089
20010821,1,32,200112,,29930.00,29960.00,29760.00,29870.00,29870.00,1196,22684
20010821,1,32,200201,,29440.00,29490.00,29240.00,29380.00,29380.00,4439,26948
20010821,1,32,200202,,28550.00,28580.00,28250.00,28350.00,28350.00,10108,23727
20010821,1,32,200203,,27690.00,27700.00,26990.00,26990.00,26990.00,10775,4812
20010821,1,81,200108,,77.70,79.00,77.70,79.00,79.00,224,2414
20010821,1,81,200109,,75.90,77.10,75.90,77.00,77.00,499,5525
20010821,1,81,200110,,76.10,76.80,76.10,76.60,76.60,997,13854
20010821,1,81,200111,,76.00,76.20,76.00,76.10,76.10,1853,21910
20010821,1,81,200112,,75.50,75.80,75.40,75.40,75.40,2251,21548
20010821,1,81,200201,,75.70,76.00,75.70,76.00,76.00,5170,24154
20010822,1,11,200108,,1069.00,1069.00,1067.00,1068.00,1068.00,512,4723
20010822,1,11,200110,,1069.00,1069.00,1066.00,1066.00,1066.00,85,11853
20010822,1,11,200112,,1069.00,1069.00,1065.00,1067.00,1067.00,769,15324
20010822,1,11,200202,,1064.00,1064.00,1062.00,1064.00,1064.00,1365,23285
20010822,1,11,200204,,1062.00,1063.00,1060.00,1062.00,1062.00,5012,60749
20010822,1,11,200206,,1060.00,1061.00,1058.00,1060.00,1060.00,16543,68355
20010822,1,12,200108,,158.20,158.50,158.10,158.50,158.50,14,311
20010822,1,12,200110,,160.70,160.70,160.70,160.70,160.70,1,368
20010822,1,12,200112,,160.80,160.80,160.80,160.80,160.80,1,921
20010822,1,12,200202,,160.60,161.10,160.60,161.00,161.00,52,1180
20010822,1,12,200204,,161.10,161.30,160.80,161.20,161.20,112,3323
20010822,1,12,200206,,161.00,161.40,160.80,161.10,161.10,1226,11433
20010822,1,13,200108,,1715.00,1740.00,1715.00,1718.00,1718.00,489,2005
20010822,1,13,200110,,1700.00,1730.00,1692.00,1725.00,1725.00,406,9552
20010822,1,13,200112,,1660.00,1700.00,1659.00,1685.00,1685.00,1364,19510
20010822,1,13,200202,,1627.00,1667.00,1624.00,1656.00,1656.00,5800,29792
20010822,1,13,200204,,1595.00,1635.00,1591.00,1626.00,1626.00,28045,73729
20010822,1,13,200206,,1567.00,1615.00,1565.00,1602.00,1602.00,92171,142198
20010822,1,14,200108,,1727.00,1727.00,1694.00,1724.00,1724.00,21,48
20010822,1,14,200110,,1722.00,1722.00,1704.00,1713.00,1713.00,32,215
20010822,1,14,200112,,1713.00,1713.00,1710.00,1712.00,1712.00,5,505
20010822,1,14,200202,,1672.00,1718.00,1672.00,1696.00,1696.00,37,702
20010822,1,14,200204,,1680.00,1723.00,1675.00,1685.00,1685.00,103,771
20010822,1,14,200206,,1661.00,1723.00,1661.00,1682.00,1682.00,322,1540
20010822,1,21,200108,,169.50,170.00,168.50,170.00,170.00,20,377
20010822,1,21,200109,,169.80,169.80,169.50,169.50,169.50,2,473
20010822,1,21,200110,,170.00,171.00,169.80,171.00,171.00,94,1900
20010822,1,21,200111,,171.00,171.20,169.80,171.10,171.10,237,1401
20010822,1,21,200112,,171.60,172.00,171.20,172.00,172.00,628,1987
20010822,1,21,200201,,172.00,172.40,171.70,172.30,172.30,3406,4749
20010822,1,31,200110,,26330.00,26350.00,26180.00,26230.00,26230.00,520,8219
20010822,1,31,200111,,25870.00,26000.00,25750.00,25840.00,25840.00,649,14205
20010822,1,31,200112,,25600.00,25680.00,25430.00,25550.00,25550.00,2139,36212
20010822,1,31,200201,,25250.00,25390.00,25100.00,25200.00,25200.00,5596,37146
20010822,1,31,200202,,25040.00,25180.00,24870.00,24930.00,24930.00,23114,48554
20010822,1,31,200203,,25000.00,25100.00,24840.00,24920.00,24920.00,22832,11387
20010822,1,32,200110,,28350.00,28370.00,28120.00,28280.00,28280.00,342,6148
20010822,1,32,200111,,29340.00,29400.00,29050.00,29240.00,29240.00,522,9951
20010822,1,32,200112,,29960.00,30030.00,29840.00,29950.00,29950.00,1313,22397
20010822,1,32,200201,,29510.00,29630.00,29310.00,29580.00,29580.00,3601,26314
20010822,1,32,200202,,28450.00,28620.00,28260.00,28530.00,28530.00,9573,23296
20010822,1,32,200203,,27040.00,27100.00,26550.00,26790.00,26790.00,15369,7610
20010822,1,81,200108,,78.90,79.10,78.70,79.10,79.10,159,2329
20010822,1,81,200109,,76.80,77.40,76.80,77.40,77.40,454,5308
20010822,1,81,200110,,76.50,76.90,76.20,76.90,76.90,560,13745
20010822,1,81,200111,,76.20,76.30,76.00,76.00,76.00,699,21600
20010822,1,81,200112,,75.30,75.70,75.10,75.70,75.70,1736,21304
20010822,1,81,200201,,75.50,75.90,75.50,75.90,75.90,3006,25166
20010823,1,11,200108,,1067.00,1068.00,1065.00,1066.00,1066.00,146,4637
20010823,1,11,200110,,1066.00,1068.00,1065.00,1065.00,1065.00,101,11837
20010823,1,11,200112,,1064.00,1066.00,1063.00,1063.00,1063.00,393,15331
20010823,1,11,200202,,1061.00,1064.00,1059.00,1062.00,1062.00,1368,23250
20010823,1,11,200204,,1059.00,1062.00,1058.00,1059.00,1059.00,4341,60920
20010823,1,11,200206,,1058.00,1060.00,1056.00,1056.00,1056.00,10895,69476
20010823,1,12,200108,,159.60,159.60,159.60,159.60,159.60,1,312
20010823,1,12,200110,,161.70,162.20,161.70,162.20,162.20,19,369
20010823,1,12,200112,,161.70,161.70,160.90,160.90,160.90,7,918
20010823,1,12,200202,,161.60,161.60,161.30,161.30,161.30,20,1172
20010823,1,12,200204,,161.80,161.90,161.50,161.70,161.70,91,3311
20010823,1,12,200206,,161.90,161.90,161.40,161.80,161.80,831,11532
20010823,1,13,200108,,1736.00,1785.00,1727.00,1783.00,1783.00,218,1883
20010823,1,13,200110,,1740.00,1805.00,1736.00,1795.00,1795.00,397,9456
20010823,1,13,200112,,1700.00,1764.00,1691.00,1764.00,1764.00,1809,19364
20010823,1,13,200202,,1670.00,1735.00,1656.00,1734.00,1734.00,4429,29545
20010823,1,13,200204,,1640.00,1706.00,1622.00,1703.00,1703.00,31686,73789
20010823,1,13,200206,,1613.00,1680.00,1597.00,1669.00,1669.00,118233,144108
20010823,1,14,200108,,1748.00,1748.00,1748.00,1748.00,1748.00,1,48
20010823,1,14,200110,,1743.00,1743.00,1743.00,1743.00,1743.00,1,215
20010823,1,14,200112,,1739.00,1739.00,1739.00,1739.00,1739.00,2,503
20010823,1,14,200202,,1724.00,1727.00,1724.00,1724.00,1724.00,12,703
20010823,1,14,200204,,1714.00,1728.00,1705.00,1718.00,1718.00,29,768
20010823,1,14,200206,,1717.00,1725.00,1697.00,1714.00,1714.00,243,1560
20010823,1,21,200108,,170.20,172.00,170.20,170.50,170.50,27,374
20010823,1,21,200109,,171.50,172.50,171.50,172.30,172.30,7,473
20010823,1,21,200110,,173.10,173.90,172.30,173.70,173.70,185,1977
20010823,1,21,200111,,174.30,174.40,173.30,173.30,173.30,64,1358
20010823,1,21,200112,,175.20,175.50,174.20,175.30,175.30,511,1904
20010823,1,21,200201,,174.90,175.80,174.80,175.00,175.00,1864,4978
20010823,1,31,200110,,26010.00,26180.00,26010.00,26140.00,26140.00,252,8102
20010823,1,31,200111,,25680.00,25790.00,25650.00,25750.00,25750.00,726,14032
20010823,1,31,200112,,25490.00,25500.00,25380.00,25390.00,25390.00,2001,35694
20010823,1,31,200201,,25100.00,25150.00,24850.00,25060.00,25060.00,4047,36864
20010823,1,31,200202,,24850.00,24920.00,24650.00,24850.00,24850.00,13595,47694
20010823,1,31,200203,,24800.00,24860.00,24590.00,24820.00,24820.00,17447,12700
20010823,1,32,200110,,28140.00,28290.00,28120.00,28250.00,28250.00,174,6087
20010823,1,32,200111,,29220.00,29250.00,29100.00,29190.00,29190.00,604,9763
20010823,1,32,200112,,29860.00,30000.00,29820.00,29820.00,29820.00,1390,22200
20010823,1,32,200201,,29460.00,29580.00,29360.00,29460.00,29460.00,2010,26275
20010823,1,32,200202,,28400.00,28480.00,28290.00,28370.00,28370.00,6762,22859
20010823,1,32,200203,,26630.00,26670.00,26460.00,26580.00,26580.00,9131,9525
20010823,1,81,200108,,79.00,79.00,78.70,78.70,78.70,222,2213
20010823,1,81,200109,,77.40,77.40,76.90,76.90,76.90,174,5344
20010823,1,81,200110,,77.00,77.00,76.40,76.40,76.40,506,13452
20010823,1,81,200111,,76.30,76.30,75.60,75.60,75.60,764,21251
20010823,1,81,200112,,75.90,75.90,75.60,75.60,75.60,873,21270
20010823,1,81,200201,,76.00,76.00,75.70,75.80,75.80,3096,25741
20010824,1,11,200108,,1064.00,1064.00,1060.00,1061.00,1061.00,250,4467
20010824,1,11,200110,,1063.00,1063.00,1058.00,1059.00,1059.00,254,11677
20010824,1,11,200112,,1060.00,1063.00,1059.00,1060.00,1060.00,178,15217
20010824,1,11,200202,,1057.00,1059.00,1056.00,1058.00,1058.00,1021,23052
20010824,1,11,200204,,1056.00,1057.00,1054.00,1055.00,1055.00,4328,60319
20010824,1,11,200206,,1054.00,1055.00,1052.00,1054.00,1054.00,14231,70018
20010824,1,12,200108,,159.60,159.60,159.60,159.60,159.60,1,312
20010824,1,12,200110,,161.60,161.60,161.60,161.60,161.60,1,369
20010824,1,12,200112,,161.10,161.10,161.10,161.10,161.10,1,918
20010824,1,12,200202,,160.70,161.60,160.70,160.80,160.80,3,1172
20010824,1,12,200204,,162.10,162.10,161.50,161.50,161.50,63,3293
20010824,1,12,200206,,162.00,162.00,161.30,161.40,161.40,580,11603
20010824,1,13,200108,,1778.00,1817.00,1765.00,1766.00,1766.00,161,1781
20010824,1,13,200110,,1787.00,1820.00,1769.00,1770.00,1770.00,673,9322
20010824,1,13,200112,,1742.00,1789.00,1718.00,1745.00,1745.00,2218,18979
20010824,1,13,200202,,1722.00,1759.00,1690.00,1696.00,1696.00,5978,30380
20010824,1,13,200204,,1688.00,1724.00,1660.00,1673.00,1673.00,29658,75524
20010824,1,13,200206,,1658.00,1703.00,1632.00,1650.00,1650.00,111927,150842
20010824,1,14,200108,,1707.00,1707.00,1704.00,1704.00,1704.00,2,48
20010824,1,14,200110,,1709.00,1709.00,1709.00,1709.00,1709.00,1,215
20010824,1,14,200112,,1705.00,1705.00,1698.00,1698.00,1698.00,5,503
20010824,1,14,200202,,1694.00,1694.00,1685.00,1685.00,1685.00,14,700
20010824,1,14,200204,,1689.00,1695.00,1682.00,1695.00,1695.00,28,764
20010824,1,14,200206,,1680.00,1693.00,1669.00,1687.00,1687.00,272,1582
20010824,1,21,200108,,170.40,172.30,170.40,172.20,172.20,31,350
20010824,1,21,200109,,171.60,171.60,171.60,171.60,171.60,3,470
20010824,1,21,200110,,172.60,172.80,172.30,172.80,172.80,63,1944
20010824,1,21,200111,,174.10,174.10,172.60,172.60,172.60,121,1354
20010824,1,21,200112,,174.40,174.80,173.60,174.10,174.10,313,1902
20010824,1,21,200201,,175.00,175.20,174.00,174.30,174.30,1000,5019
20010824,1,31,200110,,26220.00,26250.00,26130.00,26250.00,26250.00,274,7969
20010824,1,31,200111,,25800.00,25900.00,25760.00,25830.00,25830.00,431,13811
20010824,1,31,200112,,25470.00,25590.00,25370.00,25530.00,25530.00,2099,35392
20010824,1,31,200201,,25080.00,25290.00,25070.00,25230.00,25230.00,3242,36263
20010824,1,31,200202,,24880.00,25050.00,24850.00,24950.00,24950.00,9798,46706
20010824,1,31,200203,,24840.00,25000.00,24830.00,24930.00,24930.00,13531,15107
20010824,1,32,200110,,28170.00,28230.00,28090.00,28120.00,28120.00,361,5875
20010824,1,32,200111,,29200.00,29280.00,29080.00,29080.00,29080.00,478,9652
20010824,1,32,200112,,29840.00,29870.00,29750.00,29800.00,29800.00,952,21832
20010824,1,32,200201,,29540.00,29550.00,29390.00,29420.00,29420.00,1560,25698
20010824,1,32,200202,,28360.00,28460.00,28330.00,28400.00,28400.00,4060,22380
20010824,1,32,200203,,26630.00,26860.00,26610.00,26640.00,26640.00,7411,10698
20010824,1,81,200108,,78.10,78.10,77.00,77.20,77.20,300,1984
20010824,1,81,200109,,76.70,76.70,75.30,75.80,75.80,425,5142
20010824,1,81,200110,,76.20,76.20,75.30,75.50,75.50,607,13274
20010824,1,81,200111,,75.40,75.40,74.50,74.50,74.50,1089,20966
20010824,1,81,200112,,75.10,75.10,74.60,74.60,74.60,2169,21125
20010824,1,81,200201,,75.20,75.20,74.60,74.70,74.70,4054,26860
20010827,1,11,200108,,1057.00,1060.00,1055.00,1058.00,1058.00,482,4134
20010827,1,11,200110,,1055.00,1057.00,1054.00,1054.00,1054.00,114,11604
20010827,1,11,200112,,1057.00,1057.00,1053.00,1054.00,1054.00,370,15065
20010827,1,11,200202,,1053.00,1055.00,1050.00,1051.00,1051.00,1925,22225
20010827,1,11,200204,,1052.00,1053.00,1048.00,1050.00,1050.00,7107,60082
20010827,1,11,200206,,1050.00,1051.00,1046.00,1047.00,1047.00,17789,72543
20010827,1,12,200108,,158.90,159.50,158.50,159.40,159.40,19,295
20010827,1,12,200110,,160.80,160.80,160.80,160.80,160.80,1,369
20010827,1,12,200112,,160.70,160.70,160.50,160.50,160.50,6,914
20010827,1,12,200202,,160.40,160.80,159.90,159.90,159.90,5,1172
20010827,1,12,200204,,160.70,161.00,160.30,160.30,160.30,130,3267
20010827,1,12,200206,,160.90,161.00,160.30,160.40,160.40,1026,11817
20010827,1,13,200108,,1751.00,1792.00,1750.00,1782.00,1782.00,443,1633
20010827,1,13,200110,,1749.00,1784.00,1749.00,1784.00,1784.00,604,9206
20010827,1,13,200112,,1730.00,1757.00,1725.00,1747.00,1747.00,946,18811
20010827,1,13,200202,,1689.00,1725.00,1686.00,1722.00,1722.00,3185,29749
20010827,1,13,200204,,1661.00,1698.00,1656.00,1689.00,1689.00,11760,73665
20010827,1,13,200206,,1637.00,1672.00,1630.00,1656.00,1656.00,52484,151460
20010827,1,14,200108,,1715.00,1715.00,1715.00,1715.00,1715.00,1,47
20010827,1,14,200110,,1715.00,1715.00,1715.00,1715.00,1715.00,1,215
20010827,1,14,200112,,1705.00,1706.00,1705.00,1706.00,1706.00,2,501
20010827,1,14,200202,,1700.00,1700.00,1700.00,1700.00,1700.00,1,699
20010827,1,14,200204,,1690.00,1703.00,1690.00,1697.00,1697.00,33,767
20010827,1,14,200206,,1694.00,1700.00,1685.00,1695.00,1695.00,108,1572
20010827,1,21,200108,,175.80,175.80,173.10,173.90,173.90,41,315
20010827,1,21,200109,,172.70,173.80,172.70,173.80,173.80,26,461
20010827,1,21,200110,,173.50,174.70,173.40,174.40,174.40,159,1879
20010827,1,21,200111,,174.70,175.30,174.10,174.50,174.50,56,1339
20010827,1,21,200112,,175.80,175.80,174.90,175.70,175.70,328,1842
20010827,1,21,200201,,176.00,176.30,175.40,176.10,176.10,1554,5201
20010827,1,31,200110,,26300.00,26410.00,26280.00,26410.00,26410.00,297,7804
20010827,1,31,200111,,25960.00,26000.00,25840.00,25950.00,25950.00,876,13446
20010827,1,31,200112,,25720.00,25760.00,25600.00,25690.00,25690.00,1588,34961
20010827,1,31,200201,,25370.00,25400.00,25300.00,25390.00,25390.00,4306,35737
20010827,1,31,200202,,25140.00,25180.00,25060.00,25100.00,25100.00,14695,46286
20010827,1,31,200203,,25080.00,25140.00,25000.00,25120.00,25120.00,21753,17764
20010827,1,32,200110,,28180.00,28180.00,28070.00,28110.00,28110.00,101,5807
20010827,1,32,200111,,29110.00,29200.00,29090.00,29140.00,29140.00,781,9445
20010827,1,32,200112,,29860.00,29910.00,29760.00,29840.00,29840.00,928,21503
20010827,1,32,200201,,29500.00,29660.00,29470.00,29620.00,29620.00,1784,25496
20010827,1,32,200202,,28500.00,28550.00,28400.00,28540.00,28540.00,2989,22231
20010827,1,32,200203,,26770.00,26820.00,26680.00,26750.00,26750.00,6684,11555
20010827,1,81,200108,,76.90,76.90,76.60,76.60,76.60,1921,0
20010827,1,81,200109,,75.90,76.00,74.30,74.30,74.30,451,4885
20010827,1,81,200110,,75.50,75.50,73.50,73.50,73.50,1051,12873
20010827,1,81,200111,,74.80,74.80,73.80,73.80,73.80,1460,20561
20010827,1,81,200112,,74.60,74.60,73.60,73.60,73.60,1932,20990
20010827,1,81,200201,,74.60,75.10,74.00,74.00,74.00,4102,27336
20010828,1,11,200108,,1053.00,1053.00,1051.00,1051.00,1053.00,3337,0
20010828,1,11,200110,,1050.00,1053.00,1050.00,1050.00,1050.00,304,11437
20010828,1,11,200112,,1049.00,1051.00,1049.00,1051.00,1051.00,172,14950
20010828,1,11,200202,,1049.00,1049.00,1046.00,1046.00,1046.00,2931,21659
20010828,1,11,200204,,1045.00,1048.00,1044.00,1044.00,1044.00,8524,59024
20010828,1,11,200206,,1043.00,1046.00,1042.00,1042.00,1042.00,24730,73160
20010828,1,12,200108,,157.00,157.00,157.00,157.00,157.00,72,0
20010828,1,12,200110,,160.50,160.70,157.90,160.70,160.70,15,359
20010828,1,12,200112,,160.20,160.20,160.20,160.20,160.20,1,914
20010828,1,12,200202,,160.30,160.40,159.60,160.20,160.20,104,1077
20010828,1,12,200204,,160.40,161.20,160.20,160.30,160.30,292,3202
20010828,1,12,200206,,160.80,160.90,160.10,160.50,160.50,957,11906
20010828,1,13,200108,,1756.00,1762.00,1756.00,1762.00,1756.00,1619,0
20010828,1,13,200110,,1752.00,1786.00,1752.00,1777.00,1777.00,443,8942
20010828,1,13,200112,,1730.00,1760.00,1730.00,1755.00,1755.00,598,18643
20010828,1,13,200202,,1710.00,1725.00,1703.00,1710.00,1710.00,3561,28798
20010828,1,13,200204,,1673.00,1697.00,1673.00,1679.00,1679.00,16501,72760
20010828,1,13,200206,,1651.00,1668.00,1647.00,1659.00,1659.00,55557,151050
20010828,1,14,200108,,1715.00,1715.00,1715.00,1715.00,1715.00,23,0
20010828,1,14,200110,,1714.00,1714.00,1714.00,1714.00,1714.00,1,215
20010828,1,14,200112,,1706.00,1714.00,1706.00,1714.00,1714.00,6,497
20010828,1,14,200202,,1700.00,1709.00,1700.00,1709.00,1709.00,45,724
20010828,1,14,200204,,1693.00,1702.00,1693.00,1702.00,1702.00,21,768
20010828,1,14,200206,,1695.00,1710.00,1690.00,1702.00,1702.00,140,1596
20010828,1,21,200108,,173.40,173.40,173.40,173.40,173.40,214,0
20010828,1,21,200109,,173.80,174.80,173.80,173.80,173.80,11,461
20010828,1,21,200110,,173.20,174.90,173.20,174.80,174.80,24,1872
20010828,1,21,200111,,175.20,175.70,174.90,174.90,174.90,29,1328
20010828,1,21,200112,,175.20,176.40,175.20,175.70,175.70,190,1832
20010828,1,21,200201,,175.70,176.90,175.70,176.40,176.40,1351,5308
20010828,1,31,200110,,26290.00,26390.00,26290.00,26330.00,26330.00,281,7681
20010828,1,31,200111,,25870.00,25880.00,25770.00,25840.00,25840.00,532,13280
20010828,1,31,200112,,25640.00,25690.00,25580.00,25610.00,25610.00,1363,34412
20010828,1,31,200201,,25330.00,25380.00,25270.00,25380.00,25380.00,2636,35198
20010828,1,31,200202,,25080.00,25120.00,25030.00,25090.00,25090.00,7132,46109
20010828,1,31,200203,,25050.00,25080.00,24980.00,25050.00,25050.00,15054,19938
20010828,1,32,200110,,28170.00,28170.00,28050.00,28110.00,28110.00,221,5704
20010828,1,32,200111,,29050.00,29200.00,29050.00,29090.00,29090.00,672,9108
20010828,1,32,200112,,29760.00,29900.00,29760.00,29870.00,29870.00,1261,21107
20010828,1,32,200201,,29560.00,29610.00,29460.00,29590.00,29590.00,2124,25197
20010828,1,32,200202,,28410.00,28530.00,28370.00,28380.00,28380.00,3831,21968
20010828,1,32,200203,,26640.00,26720.00,26560.00,26570.00,26570.00,5998,12133
20010828,1,81,200109,,73.90,73.90,72.90,72.90,72.90,792,4285
20010828,1,81,200110,,73.00,73.00,72.80,72.80,72.80,1302,12176
20010828,1,81,200111,,73.30,73.30,72.90,72.90,72.90,2479,19592
20010828,1,81,200112,,73.40,73.60,73.40,73.50,73.50,3071,20028
20010828,1,81,200201,,73.80,74.20,73.80,74.20,74.20,4285,26394
20010828,1,81,200202,,74.30,74.30,73.90,74.30,74.30,4619,4064
20010829,1,11,200110,,1052.00,1053.00,1050.00,1053.00,1053.00,201,11291
20010829,1,11,200112,,1050.00,1051.00,1049.00,1050.00,1050.00,255,14769
20010829,1,11,200202,,1046.00,1049.00,1046.00,1048.00,1048.00,1485,21422
20010829,1,11,200204,,1045.00,1047.00,1044.00,1045.00,1045.00,4245,58412
20010829,1,11,200206,,1043.00,1045.00,1042.00,1044.00,1044.00,12970,71788
20010829,1,11,200208,,1042.00,1043.00,1040.00,1042.00,1042.00,8876,2517
20010829,1,12,200110,,160.30,161.40,159.40,161.40,161.40,8,354
20010829,1,12,200112,,159.90,160.20,157.90,160.20,160.20,8,910
20010829,1,12,200202,,159.20,160.30,158.10,160.30,160.30,66,1036
20010829,1,12,200204,,160.00,160.80,160.00,160.50,160.50,88,3134
20010829,1,12,200206,,160.10,161.00,159.90,160.50,160.50,703,11843
20010829,1,12,200208,,160.50,160.60,160.00,160.60,160.60,343,294
20010829,1,13,200110,,1799.00,1803.00,1778.00,1792.00,1792.00,676,8648
20010829,1,13,200112,,1766.00,1777.00,1750.00,1750.00,1750.00,1499,17776
20010829,1,13,200202,,1733.00,1745.00,1722.00,1740.00,1740.00,2561,28464
20010829,1,13,200204,,1700.00,1719.00,1692.00,1698.00,1698.00,10166,71410
20010829,1,13,200206,,1676.00,1692.00,1665.00,1672.00,1672.00,53508,146303
20010829,1,13,200208,,1664.00,1673.00,1647.00,1655.00,1655.00,33359,14838
20010829,1,14,200110,,1794.00,1794.00,1775.00,1775.00,1775.00,4,214
20010829,1,14,200112,,1794.00,1794.00,1785.00,1785.00,1785.00,5,495
20010829,1,14,200202,,1789.00,1789.00,1783.00,1788.00,1788.00,48,700
20010829,1,14,200204,,1782.00,1782.00,1769.00,1782.00,1782.00,86,740
20010829,1,14,200206,,1782.00,1782.00,1763.00,1782.00,1782.00,460,1552
20010829,1,14,200208,,1781.00,1800.00,1761.00,1786.00,1786.00,321,220
20010829,1,21,200109,,172.10,172.10,172.10,172.10,172.10,1,461
20010829,1,21,200110,,172.70,173.40,172.40,173.40,173.40,43,1835
20010829,1,21,200111,,173.90,173.90,173.20,173.20,173.20,192,1210
20010829,1,21,200112,,174.30,174.60,174.00,174.00,174.00,118,1794
20010829,1,21,200201,,174.80,175.00,174.40,174.40,174.40,1287,5055
20010829,1,21,200202,,174.90,175.30,174.30,174.40,174.40,623,456
20010829,1,31,200110,,26450.00,26470.00,26390.00,26390.00,26390.00,390,7494
20010829,1,31,200111,,26000.00,26020.00,25900.00,26020.00,26020.00,641,13020
20010829,1,31,200112,,25830.00,25850.00,25730.00,25780.00,25780.00,2009,34325
20010829,1,31,200201,,25490.00,25560.00,25400.00,25510.00,25510.00,5263,34999
20010829,1,31,200202,,25230.00,25330.00,25190.00,25290.00,25290.00,12321,45272
20010829,1,31,200203,,25180.00,25320.00,25140.00,25320.00,25320.00,26736,23475
20010829,1,32,200110,,28280.00,28280.00,28140.00,28140.00,28140.00,340,5508
20010829,1,32,200111,,29240.00,29300.00,29140.00,29200.00,29200.00,642,8749
20010829,1,32,200112,,29970.00,30000.00,29870.00,29930.00,29930.00,1355,20854
20010829,1,32,200201,,29740.00,29750.00,29580.00,29580.00,29580.00,2675,24845
20010829,1,32,200202,,28570.00,28620.00,28460.00,28490.00,28490.00,4942,21630
20010829,1,32,200203,,26730.00,26790.00,26660.00,26690.00,26690.00,7828,14005
20010829,1,81,200109,,71.80,72.40,71.80,72.20,72.20,532,3891
20010829,1,81,200110,,72.00,72.30,72.00,72.30,72.30,1582,11651
20010829,1,81,200111,,72.60,72.80,72.40,72.40,72.40,2715,18808
20010829,1,81,200112,,73.40,73.60,73.20,73.20,73.20,1817,19571
20010829,1,81,200201,,73.90,74.50,73.90,74.00,74.00,3781,25552
20010829,1,81,200202,,74.10,74.40,74.10,74.20,74.20,3300,6733
20010830,1,11,200110,,1056.00,1057.00,1054.00,1056.00,1056.00,266,11134
20010830,1,11,200112,,1055.00,1057.00,1053.00,1054.00,1054.00,174,14700
20010830,1,11,200202,,1053.00,1054.00,1050.00,1050.00,1050.00,938,21255
20010830,1,11,200204,,1049.00,1051.00,1048.00,1048.00,1048.00,2528,57963
20010830,1,11,200206,,1047.00,1049.00,1046.00,1048.00,1048.00,9112,71235
20010830,1,11,200208,,1046.00,1047.00,1044.00,1045.00,1045.00,11237,6130
20010830,1,12,200110,,161.60,161.60,160.50,160.50,160.50,2,353
20010830,1,12,200112,,159.70,159.70,159.70,159.70,159.70,1,909
20010830,1,12,200202,,159.70,159.70,159.70,159.70,159.70,4,1032
20010830,1,12,200204,,161.00,161.40,160.50,160.60,160.60,87,3131
20010830,1,12,200206,,160.70,161.00,160.50,160.80,160.80,632,11739
20010830,1,12,200208,,160.50,160.60,160.30,160.60,160.60,548,686
20010830,1,13,200110,,1762.00,1773.00,1722.00,1744.00,1744.00,723,8391
20010830,1,13,200112,,1742.00,1748.00,1685.00,1688.00,1688.00,1320,17530
20010830,1,13,200202,,1721.00,1721.00,1660.00,1661.00,1661.00,3571,28190
20010830,1,13,200204,,1686.00,1686.00,1619.00,1623.00,1623.00,16259,68972
20010830,1,13,200206,,1655.00,1658.00,1593.00,1598.00,1598.00,81738,140359
20010830,1,13,200208,,1640.00,1640.00,1575.00,1575.00,1575.00,71062,27631
20010830,1,14,200110,,1805.00,1805.00,1781.00,1781.00,1781.00,5,212
20010830,1,14,200112,,1794.00,1794.00,1739.00,1749.00,1749.00,27,481
20010830,1,14,200202,,1788.00,1789.00,1745.00,1748.00,1748.00,13,702
20010830,1,14,200204,,1782.00,1788.00,1721.00,1730.00,1730.00,52,742
20010830,1,14,200206,,1786.00,1788.00,1712.00,1722.00,1722.00,238,1519
20010830,1,14,200208,,1780.00,1780.00,1713.00,1724.00,1724.00,219,278
20010830,1,21,200109,,173.00,173.20,173.00,173.00,173.00,15,466
20010830,1,21,200110,,173.50,174.00,173.20,174.00,174.00,107,1782
20010830,1,21,200111,,174.70,174.70,173.70,174.60,174.60,368,1391
20010830,1,21,200112,,174.90,175.10,174.20,174.20,174.20,75,1749
20010830,1,21,200201,,175.50,175.70,175.10,175.60,175.60,331,4975
20010830,1,21,200202,,175.60,176.10,175.40,175.90,175.90,812,890
20010830,1,31,200110,,26380.00,26390.00,26320.00,26330.00,26330.00,503,7181
20010830,1,31,200111,,25950.00,25970.00,25900.00,25970.00,25970.00,454,12810
20010830,1,31,200112,,25740.00,25750.00,25690.00,25690.00,25690.00,1256,33930
20010830,1,31,200201,,25440.00,25470.00,25330.00,25330.00,25330.00,2957,34440
20010830,1,31,200202,,25220.00,25240.00,25110.00,25110.00,25110.00,8234,44526
20010830,1,31,200203,,25200.00,25210.00,25040.00,25060.00,25060.00,15752,24366
20010830,1,32,200110,,28110.00,28140.00,28070.00,28080.00,28080.00,328,5254
20010830,1,32,200111,,29130.00,29240.00,29100.00,29100.00,29100.00,292,8587
20010830,1,32,200112,,29870.00,29870.00,29750.00,29780.00,29780.00,1697,19783
20010830,1,32,200201,,29510.00,29600.00,29400.00,29440.00,29440.00,2190,24713
20010830,1,32,200202,,28400.00,28410.00,28280.00,28280.00,28280.00,5701,21707
20010830,1,32,200203,,26570.00,26620.00,26430.00,26440.00,26440.00,10188,14987
20010830,1,81,200109,,72.70,72.70,68.30,68.30,68.30,712,3457
20010830,1,81,200110,,72.90,72.90,67.20,67.20,67.20,2904,10702
20010830,1,81,200111,,72.90,72.90,67.70,67.70,67.70,3138,17481
20010830,1,81,200112,,73.20,73.20,69.40,69.60,69.60,4496,18278
20010830,1,81,200201,,73.80,73.80,70.20,70.90,70.90,5717,24111
20010830,1,81,200202,,74.00,74.00,70.90,71.10,71.10,8514,12712
20010831,1,11,200110,,1058.00,1058.00,1052.00,1053.00,1053.00,290,10907
20010831,1,11,200112,,1057.00,1058.00,1050.00,1052.00,1052.00,158,14644
20010831,1,11,200202,,1055.00,1055.00,1047.00,1051.00,1051.00,385,21070
20010831,1,11,200204,,1051.00,1051.00,1045.00,1048.00,1048.00,4297,56999
20010831,1,11,200206,,1050.00,1050.00,1042.00,1046.00,1046.00,13849,70572
20010831,1,11,200208,,1047.00,1048.00,1040.00,1044.00,1044.00,14359,10338
20010831,1,12,200110,,158.20,159.00,157.80,157.80,157.80,7,349
20010831,1,12,200112,,157.30,157.90,157.30,157.40,157.40,25,886
20010831,1,12,200202,,157.70,158.40,157.70,157.80,157.80,53,1004
20010831,1,12,200204,,158.50,159.40,158.10,158.70,158.70,505,3024
20010831,1,12,200206,,158.80,159.50,158.50,158.80,158.80,1281,11430
20010831,1,12,200208,,159.10,159.30,157.90,158.30,158.30,1557,1403
20010831,1,13,200110,,1668.00,1695.00,1666.00,1689.00,1689.00,478,8262
20010831,1,13,200112,,1615.00,1660.00,1613.00,1660.00,1660.00,957,17176
20010831,1,13,200202,,1593.00,1628.00,1590.00,1628.00,1628.00,3389,27786
20010831,1,13,200204,,1563.00,1599.00,1563.00,1599.00,1599.00,17315,67684
20010831,1,13,200206,,1549.00,1569.00,1534.00,1569.00,1569.00,72947,138674
20010831,1,13,200208,,1521.00,1550.00,1505.00,1550.00,1550.00,80376,36903
20010831,1,14,200110,,1717.00,1717.00,1709.00,1709.00,1709.00,4,211
20010831,1,14,200112,,1670.00,1673.00,1670.00,1673.00,1673.00,4,477
20010831,1,14,200202,,1668.00,1678.00,1668.00,1669.00,1669.00,54,661
20010831,1,14,200204,,1651.00,1668.00,1651.00,1665.00,1665.00,68,747
20010831,1,14,200206,,1652.00,1678.00,1652.00,1669.00,1669.00,327,1492
20010831,1,14,200208,,1654.00,1668.00,1647.00,1668.00,1668.00,248,308
20010831,1,21,200109,,170.00,170.40,169.90,169.90,169.90,57,459
20010831,1,21,200110,,170.80,170.80,170.00,170.60,170.60,80,1724
20010831,1,21,200111,,170.90,171.20,170.60,171.00,171.00,230,1193
20010831,1,21,200112,,170.70,171.90,170.60,171.10,171.10,450,1835
20010831,1,21,200201,,172.00,172.70,171.60,171.90,171.90,1654,4272
20010831,1,21,200202,,172.50,172.90,171.90,172.30,172.30,1705,1619
20010831,1,31,200110,,26000.00,26090.00,25720.00,25950.00,25950.00,796,6672
20010831,1,31,200111,,25610.00,25660.00,25310.00,25630.00,25630.00,1138,12412
20010831,1,31,200112,,25320.00,25380.00,25010.00,25180.00,25180.00,9229,34839
20010831,1,31,200201,,24880.00,24920.00,24630.00,24860.00,24860.00,10846,34042
20010831,1,31,200202,,24620.00,24730.00,24410.00,24540.00,24540.00,25160,44986
20010831,1,31,200203,,24600.00,24700.00,24360.00,24380.00,24380.00,34943,29230
20010831,1,32,200110,,27900.00,28000.00,27700.00,27800.00,27800.00,965,4845
20010831,1,32,200111,,28790.00,28950.00,28660.00,28890.00,28890.00,1683,8070
20010831,1,32,200112,,29310.00,29480.00,29140.00,29380.00,29380.00,4622,19497
20010831,1,32,200201,,29060.00,29080.00,28750.00,29020.00,29020.00,11830,24619
20010831,1,32,200202,,27820.00,27980.00,27580.00,27700.00,27700.00,12929,21463
20010831,1,32,200203,,25900.00,26050.00,25740.00,25740.00,25740.00,16136,15444
20010831,1,81,200109,,66.50,66.50,65.40,65.90,65.90,898,3039
20010831,1,81,200110,,65.90,66.50,65.60,66.10,66.10,3011,8981
20010831,1,81,200111,,66.70,66.90,66.20,66.70,66.70,3728,16118
20010831,1,81,200112,,68.20,68.30,67.60,68.20,68.20,4099,17151
20010831,1,81,200201,,69.50,70.30,69.50,70.10,70.10,6385,22963
20010831,1,81,200202,,71.00,71.60,70.90,71.00,71.00,9100,17867
